Time [s];Velocity [km/h];Longitudinal Acceleration [m/s2];SOC [%];Battery Temperature [degC];Battery Voltage [V];Battery Current [A];Heating Power CAN [kW];Ambient Temperature [degC]
0.0;0.18;-0.0529;79.96;22.29;377.0;-4.73;1.836;14.03
1.0;0.0;-0.0702;80.08;21.84;378.97;-2.83;1.265;13.32
2.0;0.45;0.1419;80.02;21.65;374.28;-4.63;1.154;13.43
3.0;0.56;0.0276;79.94;22.15;377.54;-0.57;1.162;13.95
4.0;0.0;-0.1828;79.93;21.89;375.85;-6.85;1.642;13.73
5.0;0.0;-0.027;79.86;21.79;376.6;-10.31;1.854;14.18
6.0;0.08;-0.0072;80.02;22.13;373.97;2.98;1.863;13.95
7.0;0.0;-0.0565;79.97;21.99;377.6;-7.42;2.121;13.87
8.0;0.0;0.0913;79.8;21.94;376.45;-7.27;1.71;13.54
9.0;0.0;0.0119;79.95;22.04;375.76;-5.26;1.979;13.92
10.0;0.53;0.182;79.92;21.97;376.52;-4.23;2.093;13.48
11.0;0.47;-0.0365;80.12;22.15;375.23;-6.1;1.521;14.13
12.0;0.04;-0.1261;79.86;22.3;374.92;-5.03;1.321;13.91
13.0;0.68;0.1483;79.88;21.96;375.1;-4.52;1.04;13.59
14.0;0.28;-0.216;80.08;22.15;373.85;-4.03;1.754;14.0
15.0;0.0;-0.133;80.1;22.37;377.15;-14.43;1.7;14.36
16.0;0.22;-0.011;79.93;22.04;377.2;2.73;1.263;13.75
17.0;0.0;-0.1514;79.94;21.64;374.94;-5.59;2.19;13.94
18.0;0.53;0.0986;80.04;21.92;376.4;-2.18;2.311;13.69
19.0;0.0;-0.0934;79.8;22.24;375.18;-10.51;1.285;13.82
20.0;0.0;-0.0018;79.84;21.73;375.97;-6.88;1.302;13.42
21.0;0.0;0.0516;79.96;22.0;375.08;-7.69;1.263;13.8
22.0;0.73;0.2202;80.11;22.17;375.07;1.58;1.414;13.81
23.0;0.0;-0.1725;79.95;22.13;377.07;-7.34;2.046;14.25
24.0;0.0;-0.036;79.99;21.94;375.82;-1.97;1.769;13.35
25.0;0.0;0.021;80.07;21.82;378.49;-7.6;1.098;13.73
26.0;0.32;0.1179;80.15;21.92;376.28;-6.51;1.497;14.12
27.0;0.22;-0.0509;79.94;22.02;374.67;-5.77;1.071;13.74
28.0;0.25;0.0303;79.98;22.05;377.34;0.37;1.451;13.76
29.0;0.26;0.0257;80.13;22.16;376.93;-12.31;1.417;13.59
30.0;1.28;0.2632;79.85;21.85;376.48;-9.04;1.803;13.57
31.0;0.0;-0.4019;80.05;22.06;377.45;-17.32;1.693;13.34
32.0;0.0;-0.0474;79.89;21.99;374.9;-9.35;2.128;13.64
33.0;0.0;0.0035;79.98;22.02;375.71;-8.25;0.951;13.55
34.0;0.37;0.1157;79.95;22.28;375.6;-11.11;1.883;13.83
35.0;0.68;0.0538;79.89;22.06;374.14;-7.29;1.152;13.6
36.0;0.0;-0.1871;79.89;22.14;375.37;-13.06;1.352;13.68
37.0;0.0;0.0228;79.99;22.11;377.49;-9.07;2.058;13.69
38.0;0.0;0.0247;80.05;21.9;376.29;-0.2;1.814;13.79
39.0;0.39;0.1705;79.96;22.01;374.2;-3.01;1.297;13.67
40.0;0.45;0.0665;79.97;22.26;373.98;-3.83;1.683;13.53
41.0;0.33;-0.0734;80.01;22.22;377.93;-8.7;1.955;13.82
42.0;0.0;-0.0232;79.89;22.13;375.57;-11.14;2.127;14.07
43.0;0.14;0.0175;80.02;21.97;375.18;-9.42;1.691;13.83
44.0;0.07;0.0225;80.03;22.24;375.64;-5.11;1.184;13.65
45.0;0.13;0.0197;80.17;21.79;374.49;-1.4;1.668;13.77
46.0;0.52;0.0923;79.93;21.75;377.48;-0.89;1.147;13.29
47.0;0.13;-0.1803;79.93;22.25;375.28;-2.35;1.171;13.77
48.0;0.41;0.069;80.02;22.29;377.6;-7.56;1.675;13.7
49.0;0.04;-0.1643;80.03;22.14;376.02;-4.86;2.045;13.57
50.0;3.67;1.0478;79.91;21.49;377.44;-2.8;1.162;13.61
51.0;7.13;1.0219;79.91;22.03;376.03;0.97;1.867;13.7
52.0;8.91;0.4609;79.97;21.98;376.88;11.61;1.894;14.05
53.0;12.41;0.9837;79.85;22.25;376.47;-0.26;1.965;14.07
54.0;14.93;0.6731;79.88;22.11;376.41;8.25;1.503;13.57
55.0;17.27;0.6231;79.91;22.04;376.14;16.25;1.413;13.67
56.0;19.75;0.7206;79.97;21.95;375.56;7.9;1.258;13.68
57.0;22.92;0.8785;79.83;21.81;377.86;14.2;1.288;14.0
58.0;23.46;0.2202;79.72;22.19;374.24;15.17;1.264;13.84
59.0;26.38;0.7924;79.7;21.89;375.3;19.17;1.374;13.82
60.0;26.49;0.0687;79.74;21.74;375.4;13.78;1.21;13.93
61.0;28.87;0.6662;79.73;21.8;375.83;24.81;1.142;13.65
62.0;30.63;0.5217;79.81;22.12;375.0;26.77;2.107;14.14
63.0;32.25;0.4312;79.71;21.92;375.7;27.67;2.017;13.8
64.0;33.59;0.3708;79.74;22.14;375.17;23.43;1.432;13.59
65.0;34.82;0.3364;79.72;22.12;373.44;28.42;2.094;13.74
66.0;35.23;0.0806;79.73;21.78;375.38;24.87;1.275;14.11
67.0;36.18;0.2907;79.86;22.41;374.31;28.04;1.488;13.69
68.0;37.92;0.5094;79.8;21.72;373.41;39.64;1.994;14.04
69.0;38.17;0.0937;79.73;22.02;375.53;31.65;1.62;13.64
70.0;38.34;0.1085;79.68;22.01;375.84;26.68;1.303;13.61
71.0;39.19;0.2935;79.67;22.27;375.87;32.95;1.33;13.96
72.0;40.03;0.2176;79.72;22.24;376.02;27.62;1.556;13.58
73.0;41.54;0.4342;79.73;21.69;373.03;29.66;1.758;14.01
74.0;41.94;0.0863;79.59;21.99;373.45;30.68;1.577;13.89
75.0;42.84;0.2507;79.66;22.17;377.58;33.92;1.621;13.58
76.0;42.7;-0.0629;79.48;21.9;373.59;39.31;1.459;13.78
77.0;43.54;0.2995;79.64;22.37;375.92;38.68;1.653;13.66
78.0;44.28;0.2198;79.68;22.12;374.42;39.16;1.324;13.89
79.0;44.15;-0.046;79.58;22.23;375.14;32.54;1.925;14.27
80.0;45.0;0.2857;79.73;22.27;374.6;35.59;1.931;13.71
81.0;44.7;-0.1708;79.5;22.52;375.57;38.55;1.406;13.93
82.0;45.22;0.0646;79.58;22.38;375.21;35.45;1.892;13.81
83.0;45.53;0.1174;79.54;22.32;374.44;37.14;1.251;13.81
84.0;45.34;-0.0508;79.53;22.14;373.68;39.84;1.438;13.76
85.0;46.62;0.3672;79.51;22.2;375.23;37.9;1.459;13.59
86.0;46.31;-0.1411;79.52;22.1;373.46;39.9;1.596;13.88
87.0;46.84;0.1457;79.56;21.7;375.53;45.86;1.857;13.73
88.0;47.34;0.2199;79.59;22.28;378.22;39.28;2.079;13.57
89.0;47.52;0.0846;79.47;22.33;376.44;44.87;1.624;14.05
90.0;47.85;0.0966;79.52;22.28;375.79;42.69;1.506;13.82
91.0;47.57;-0.0953;79.38;22.22;374.55;34.32;1.76;13.74
92.0;47.54;-0.0238;79.49;22.75;372.53;35.75;1.306;14.14
93.0;47.9;0.015;79.35;22.2;373.0;37.17;1.145;13.34
94.0;47.08;-0.2177;79.49;22.31;376.4;36.31;2.277;14.12
95.0;47.36;0.111;79.56;22.48;374.07;39.63;1.996;13.58
96.0;47.56;-0.0078;79.36;22.58;373.77;42.64;1.904;13.85
97.0;47.87;0.0599;79.18;22.41;374.04;45.49;1.455;13.65
98.0;48.81;0.2164;79.3;22.24;373.2;42.6;1.036;13.57
99.0;48.13;-0.2284;79.43;22.07;373.27;38.94;1.552;14.13
100.0;48.54;0.1158;79.36;22.38;374.54;32.78;2.207;14.26
101.0;49.63;0.2202;79.32;22.24;373.46;42.43;1.203;13.74
102.0;48.72;-0.229;79.37;22.23;373.73;41.39;1.2;13.88
103.0;49.45;0.2332;79.31;22.86;373.57;42.71;1.049;13.81
104.0;48.52;-0.2693;79.36;22.27;375.23;-18.16;1.82;14.23
105.0;49.02;0.0401;79.32;22.29;374.24;46.53;1.966;13.27
106.0;48.63;-0.1473;79.36;22.35;374.38;44.34;1.949;13.89
107.0;49.05;0.1667;79.25;22.21;375.09;37.75;1.012;13.62
108.0;49.81;0.0999;79.28;22.24;374.27;40.27;1.81;13.21
109.0;48.32;-0.4284;79.17;22.39;373.88;-15.41;1.636;13.71
110.0;49.66;0.3256;79.13;22.23;374.7;39.08;1.153;14.26
111.0;49.59;0.011;79.3;22.1;375.29;44.11;1.321;13.64
112.0;49.13;-0.1548;79.17;22.77;374.03;43.1;1.572;14.0
113.0;48.65;-0.1158;79.2;22.5;374.38;36.87;1.39;14.1
114.0;49.6;0.285;79.14;22.37;373.2;46.9;2.038;13.8
115.0;49.27;-0.0181;79.06;22.61;372.96;42.21;1.527;13.83
116.0;49.75;0.127;79.1;22.51;374.99;35.35;1.465;13.37
117.0;49.65;-0.0126;79.2;22.53;374.8;41.97;1.826;13.62
118.0;50.63;0.2109;79.11;22.48;374.64;44.22;1.873;14.03
119.0;49.55;-0.2527;78.92;22.69;374.04;-16.18;1.15;13.82
120.0;49.1;-0.1551;79.03;22.51;373.97;40.29;1.863;13.89
121.0;49.84;0.1837;79.17;22.74;375.05;45.66;1.366;13.83
122.0;49.88;0.0111;79.0;22.49;374.98;43.14;1.438;14.35
123.0;50.58;0.1322;78.86;22.54;374.67;37.79;1.798;13.69
124.0;50.28;-0.0737;79.14;22.8;374.03;37.11;1.67;14.2
125.0;50.01;-0.0368;79.03;22.55;375.59;47.0;1.489;13.83
126.0;50.69;0.2;78.95;22.49;374.04;47.94;1.267;14.22
127.0;49.11;-0.5019;78.92;22.69;374.45;-26.96;1.656;13.49
128.0;49.45;0.0899;79.02;22.62;374.24;47.96;1.374;13.85
129.0;49.29;-0.015;78.88;22.39;373.91;46.06;2.158;13.7
130.0;49.63;0.0173;79.0;22.49;372.97;44.88;1.742;13.83
131.0;49.04;-0.2047;78.93;22.42;374.57;37.95;2.11;14.11
132.0;50.26;0.3729;78.9;22.31;377.07;49.67;1.466;13.89
133.0;49.75;-0.1297;78.88;22.64;373.16;44.41;1.926;14.11
134.0;49.01;-0.1894;78.84;22.51;373.61;40.02;0.999;13.63
135.0;49.29;0.1523;78.92;22.68;373.16;39.16;1.303;13.59
136.0;50.1;0.2422;78.75;22.83;372.77;43.62;1.114;13.8
137.0;50.42;0.1155;78.68;22.27;375.06;36.21;1.08;13.79
138.0;51.12;0.3032;78.84;22.91;372.74;46.36;1.989;13.75
139.0;51.68;0.1458;78.83;22.48;372.95;40.28;1.82;13.56
140.0;50.18;-0.4471;78.81;22.69;371.56;-16.36;1.77;14.1
141.0;49.34;-0.2156;78.79;22.55;372.52;39.79;1.567;13.71
142.0;48.66;-0.1716;78.71;22.61;371.23;40.17;1.718;14.16
143.0;50.11;0.38;78.79;22.44;374.19;39.57;1.742;13.8
144.0;49.46;-0.2203;78.71;22.71;376.63;41.34;1.934;13.96
145.0;49.7;0.1596;78.66;22.89;372.73;49.78;1.721;13.94
146.0;49.59;-0.0188;78.66;22.65;371.17;47.65;1.93;13.59
147.0;49.87;0.0501;78.83;22.79;374.6;43.8;1.269;13.89
148.0;50.6;0.2386;78.52;22.73;372.01;42.97;2.153;14.28
149.0;50.06;-0.1551;78.68;22.86;374.77;45.93;1.076;13.86
150.0;49.87;-0.062;78.49;22.31;372.49;46.9;1.403;14.03
151.0;49.35;-0.123;78.61;22.92;372.3;38.56;1.926;13.97
152.0;48.97;-0.1576;78.57;22.85;372.76;41.21;1.094;13.88
153.0;49.68;0.2127;78.42;22.97;373.59;34.91;1.136;13.85
154.0;49.94;0.1491;78.61;22.43;372.78;46.94;1.333;13.94
155.0;51.04;0.3227;78.53;22.5;372.31;51.75;1.486;13.99
156.0;50.06;-0.2875;78.38;23.07;372.35;-21.01;2.253;13.46
157.0;50.57;0.1222;78.6;22.59;371.52;34.54;1.893;13.86
158.0;49.68;-0.263;78.63;22.78;373.59;-22.27;1.534;13.75
159.0;49.27;-0.1241;78.62;22.81;370.95;38.19;2.338;13.7
160.0;49.41;0.0219;78.52;22.7;372.35;39.28;1.803;14.12
161.0;49.55;0.0769;78.48;22.95;373.71;44.58;2.019;13.62
162.0;51.26;0.4066;78.57;22.55;373.35;44.72;1.283;13.45
163.0;49.49;-0.4569;78.58;22.89;373.72;-18.57;1.621;14.0
164.0;50.49;0.2617;78.53;22.5;372.82;40.37;1.171;13.44
165.0;49.45;-0.2749;78.35;22.63;373.93;-16.77;0.968;13.32
166.0;50.55;0.2609;78.42;23.01;373.8;41.38;1.786;14.03
167.0;50.22;-0.0378;78.43;22.95;373.23;38.27;1.032;13.84
168.0;49.9;-0.0403;78.24;22.49;373.41;41.07;1.666;13.92
169.0;49.97;0.0579;78.4;22.95;373.55;43.83;1.723;13.69
170.0;49.6;-0.1628;78.54;22.69;372.39;41.41;1.002;13.45
171.0;50.26;0.2168;78.39;22.73;371.01;37.09;1.466;13.5
172.0;49.72;-0.1338;78.44;23.04;373.23;46.19;1.907;13.73
173.0;49.26;-0.1925;78.33;22.78;373.14;30.84;2.027;13.48
174.0;49.23;-0.0096;78.29;22.65;373.73;39.98;1.391;13.88
175.0;50.1;0.2564;78.32;23.03;371.34;40.11;2.041;13.68
176.0;50.94;0.2568;78.21;22.8;371.15;43.99;2.024;13.85
177.0;50.09;-0.2293;78.18;23.04;372.74;44.83;1.685;13.84
178.0;49.92;-0.0347;78.34;22.83;372.44;46.94;1.436;13.9
179.0;50.17;0.1264;78.34;22.97;370.25;39.81;2.03;13.92
180.0;50.78;0.2191;78.14;22.79;372.55;45.59;2.054;13.71
181.0;50.13;-0.2957;78.28;22.51;370.17;-22.92;1.354;13.85
182.0;49.75;-0.1177;78.18;22.71;371.05;35.42;2.447;13.86
183.0;50.66;0.2463;78.2;23.26;373.85;50.73;2.017;13.19
184.0;50.25;-0.1829;78.2;23.04;374.41;36.99;1.676;13.96
185.0;50.92;0.1883;78.23;23.09;370.82;45.05;1.745;13.84
186.0;50.11;-0.1754;78.14;23.14;371.71;44.16;1.609;13.94
187.0;49.26;-0.278;78.23;23.05;372.34;-15.89;1.805;13.48
188.0;49.18;-0.0104;78.13;22.98;374.22;39.74;2.013;13.72
189.0;50.99;0.4666;78.14;22.67;371.52;46.75;1.032;13.53
190.0;47.53;-0.9869;78.01;23.03;371.27;-15.71;1.07;13.99
191.0;43.14;-1.1622;78.24;22.84;374.16;-17.86;1.491;13.45
192.0;39.99;-0.8965;78.09;23.12;371.55;-20.6;2.056;13.57
193.0;38.28;-0.4561;78.1;23.12;372.88;-20.94;1.504;13.93
194.0;34.12;-1.2302;77.9;22.61;369.84;-14.92;2.131;13.64
195.0;31.81;-0.5665;77.95;23.08;371.51;-22.53;1.436;13.57
196.0;30.47;-0.3485;78.1;22.91;370.03;-14.81;1.287;14.03
197.0;27.74;-0.7653;78.01;23.05;370.58;-18.5;2.085;14.04
198.0;26.02;-0.4561;77.83;22.73;372.47;-18.29;1.723;13.98
199.0;24.1;-0.5887;78.05;22.92;371.86;-23.12;1.546;14.01
200.0;22.71;-0.3397;77.91;23.08;371.26;-18.44;1.036;13.74
201.0;21.77;-0.2722;78.06;23.18;371.04;-16.16;1.108;13.75
202.0;19.52;-0.6346;77.93;23.02;371.4;-22.01;1.097;13.64
203.0;18.49;-0.3059;77.94;23.37;372.06;-16.5;1.464;13.84
204.0;15.6;-0.8242;78.01;23.22;373.01;-17.73;1.705;13.67
205.0;15.63;0.034;77.83;23.03;368.32;3.48;1.347;13.69
206.0;14.05;-0.4266;77.81;23.19;370.44;-19.93;1.071;13.95
207.0;12.81;-0.3196;77.87;23.03;371.73;-15.44;1.362;14.1
208.0;12.07;-0.2069;77.94;23.16;371.57;3.2;1.445;13.9
209.0;11.51;-0.1337;77.75;22.94;371.8;7.14;2.129;14.25
210.0;11.44;-0.0361;77.72;22.89;371.56;8.99;1.506;13.62
211.0;9.33;-0.4963;77.91;23.1;371.26;-24.61;0.865;13.34
212.0;9.44;-0.0335;77.78;23.38;370.74;-1.68;1.649;13.98
213.0;8.47;-0.2185;77.79;22.86;371.09;9.74;2.011;13.61
214.0;7.95;-0.0895;77.66;23.23;372.51;3.96;2.04;13.73
215.0;8.18;0.0292;77.75;22.96;370.42;1.09;1.968;13.36
216.0;7.37;-0.1356;77.79;22.89;371.31;-1.73;2.069;13.58
217.0;7.36;0.036;77.86;22.66;371.74;-0.05;1.76;13.42
218.0;6.0;-0.3372;77.71;22.83;373.1;-16.96;2.146;13.69
219.0;5.25;-0.2076;77.89;23.0;371.24;3.52;1.008;13.7
220.0;9.69;1.2237;77.7;23.06;372.35;1.1;2.01;13.82
221.0;13.83;1.1423;77.69;23.13;372.65;12.51;1.995;14.11
222.0;17.38;1.0024;77.85;22.89;371.44;9.91;2.066;13.97
223.0;19.97;0.7739;77.74;22.89;371.03;9.79;1.493;13.39
224.0;23.78;1.0661;77.66;23.01;370.73;15.88;1.853;13.95
225.0;26.75;0.7891;77.68;23.01;370.86;9.92;1.239;13.83
226.0;30.81;1.1609;77.79;23.17;372.42;23.79;1.748;13.78
227.0;32.93;0.6242;77.79;23.06;371.66;25.6;1.316;13.79
228.0;33.61;0.2167;77.59;23.29;371.27;30.23;1.776;13.85
229.0;36.11;0.7245;77.64;22.94;369.74;21.76;1.872;13.63
230.0;37.42;0.3515;77.64;23.01;369.92;35.19;1.494;13.75
231.0;39.81;0.6276;77.54;23.0;373.45;36.1;1.283;14.1
232.0;42.09;0.5992;77.6;23.12;370.79;40.0;1.437;13.62
233.0;44.24;0.5321;77.6;23.14;370.06;36.82;1.972;13.54
234.0;44.59;0.1047;77.67;23.01;372.87;41.41;1.788;13.78
235.0;46.03;0.3976;77.66;23.5;371.47;32.84;1.806;13.52
236.0;46.43;0.0948;77.53;23.58;371.55;41.96;1.029;13.37
237.0;48.83;0.5485;77.52;23.22;370.68;38.31;2.123;13.71
238.0;49.42;0.1126;77.58;23.33;370.58;35.34;1.967;14.16
239.0;50.78;0.4242;77.47;23.3;370.52;38.75;0.963;13.79
240.0;51.55;0.1857;77.55;22.95;369.23;43.99;1.345;13.84
241.0;52.92;0.3962;77.48;22.98;370.65;41.98;1.534;13.27
242.0;52.77;-0.0991;77.39;22.87;370.93;46.63;1.531;13.91
243.0;53.72;0.3234;77.38;23.13;372.77;38.8;1.038;13.82
244.0;56.61;0.7958;77.56;22.86;371.02;40.27;1.091;13.63
245.0;55.24;-0.3698;77.42;23.06;367.82;-13.14;1.203;13.85
246.0;55.98;0.2996;77.55;23.04;370.78;51.8;1.137;13.84
247.0;58.33;0.7122;77.36;23.12;373.79;46.21;1.356;13.54
248.0;59.51;0.317;77.41;23.21;371.65;51.52;1.968;13.88
249.0;57.57;-0.5625;77.56;23.15;369.95;-13.68;1.669;14.1
250.0;58.52;0.2517;77.27;23.1;371.04;52.27;1.388;13.74
251.0;59.39;0.2603;77.19;23.17;369.27;52.01;1.727;13.58
252.0;60.63;0.3401;77.43;22.94;369.03;56.98;1.658;13.76
253.0;59.38;-0.3632;77.25;23.26;369.86;-16.83;0.976;14.01
254.0;60.17;0.2801;77.3;23.31;370.49;52.29;1.243;13.49
255.0;61.11;0.2569;77.24;23.21;368.01;52.99;1.238;13.94
256.0;61.21;0.1195;77.29;23.07;368.99;52.06;1.696;13.63
257.0;61.01;-0.0528;77.18;23.41;370.15;51.4;1.51;13.86
258.0;61.42;0.185;77.22;23.17;369.74;53.64;1.385;13.66
259.0;60.92;-0.1245;77.26;23.01;370.78;53.01;1.522;13.66
260.0;61.83;0.2913;77.13;23.4;368.58;49.54;2.176;14.18
261.0;62.02;0.0252;77.14;23.44;370.91;57.13;1.353;13.45
262.0;62.52;0.1037;77.15;23.26;368.66;50.49;1.514;13.92
263.0;62.23;-0.0619;77.05;23.23;371.84;53.25;1.581;14.23
264.0;63.02;0.258;77.11;23.6;367.95;53.69;1.836;13.97
265.0;63.5;0.1358;77.14;23.32;368.75;56.76;1.839;13.47
266.0;63.13;-0.1534;77.09;23.68;370.45;46.5;1.702;13.48
267.0;63.39;0.0164;77.08;23.41;371.94;58.78;1.296;13.61
268.0;63.34;-0.0714;77.09;23.49;370.33;52.46;1.44;13.84
269.0;63.42;-0.0466;77.02;23.3;370.49;60.13;1.978;13.86
270.0;63.1;-0.0853;77.11;23.43;370.03;53.03;1.393;13.48
271.0;63.83;0.2465;77.16;23.44;368.86;55.44;2.15;13.58
272.0;63.67;-0.043;76.99;23.45;369.17;63.15;1.53;13.6
273.0;65.08;0.2993;77.05;23.63;368.42;55.71;1.64;13.75
274.0;64.85;-0.0713;76.98;23.27;368.19;61.56;1.66;14.3
275.0;64.21;-0.1831;77.01;23.3;370.28;56.16;1.547;13.57
276.0;63.59;-0.0878;77.09;23.36;368.62;57.08;2.046;13.56
277.0;63.45;-0.0981;76.99;23.32;370.14;55.56;1.044;13.52
278.0;64.89;0.3854;76.8;23.56;367.79;60.04;1.656;13.96
279.0;64.4;-0.0706;76.96;23.75;370.04;53.43;1.724;13.79
280.0;64.58;0.0691;77.01;23.38;369.2;52.41;2.119;13.58
281.0;63.29;-0.3345;76.87;23.2;371.2;-18.91;1.691;13.71
282.0;64.94;0.4627;76.96;23.19;370.07;57.09;2.173;13.6
283.0;64.7;-0.0537;76.81;23.6;370.86;55.58;2.065;13.87
284.0;63.8;-0.2186;76.73;23.61;368.31;58.45;1.511;14.47
285.0;64.22;0.0844;76.84;23.57;369.52;61.23;2.021;13.94
286.0;64.7;0.1673;76.68;23.37;367.93;52.56;2.216;13.78
287.0;64.6;-0.0812;76.78;23.47;368.83;53.44;1.172;13.63
288.0;64.43;-0.036;76.89;23.67;369.23;50.46;1.603;13.46
289.0;64.57;0.0463;76.62;23.77;368.12;64.46;1.155;13.98
290.0;64.51;-0.0422;76.65;23.34;367.61;57.5;1.842;13.97
291.0;64.77;0.0732;76.66;23.58;367.38;58.45;1.166;13.68
292.0;65.59;0.2011;76.72;23.97;366.39;51.95;1.953;14.1
293.0;63.18;-0.7101;76.68;23.68;367.85;-19.91;1.45;13.81
294.0;64.6;0.3795;76.81;23.89;370.13;58.41;1.66;13.99
295.0;64.87;0.0297;76.76;23.86;367.36;55.61;1.021;13.87
296.0;64.96;0.0375;76.71;23.25;367.53;61.01;1.95;13.76
297.0;64.57;-0.153;76.66;23.59;371.23;65.59;1.731;13.56
298.0;63.75;-0.1983;76.67;23.62;368.33;51.78;1.814;13.76
299.0;65.02;0.3039;76.55;23.65;369.24;52.68;1.405;14.01
300.0;65.87;0.214;76.67;23.7;369.88;54.07;1.282;13.67
301.0;63.93;-0.5653;76.5;23.77;369.55;-18.91;1.502;13.91
302.0;65.37;0.4556;76.64;23.7;367.21;61.28;2.101;13.53
303.0;64.67;-0.1827;76.65;23.76;368.79;55.89;1.263;14.0
304.0;64.84;0.0387;76.56;23.54;366.93;56.74;1.733;13.88
305.0;64.25;-0.1429;76.51;23.71;371.72;52.77;1.046;13.5
306.0;64.69;0.0377;76.55;23.8;366.93;60.02;1.772;13.74
307.0;65.68;0.2728;76.27;23.51;367.02;55.88;1.368;14.03
308.0;65.26;-0.0377;76.51;23.91;367.52;55.95;1.585;13.49
309.0;65.95;0.1987;76.46;23.54;366.87;60.09;1.556;13.53
310.0;65.63;-0.0881;76.45;23.96;370.27;56.59;1.005;13.78
311.0;65.19;-0.0996;76.49;23.38;371.65;55.99;1.567;14.33
312.0;65.98;0.2548;76.42;23.77;368.01;57.72;1.294;13.63
313.0;65.2;-0.296;76.32;23.93;366.79;-16.37;1.531;13.92
314.0;65.44;-0.0012;76.38;24.08;365.82;63.75;2.117;13.87
315.0;64.77;-0.1778;76.38;23.35;368.22;58.87;1.669;13.65
316.0;64.99;0.033;76.37;23.57;368.11;59.95;2.115;13.84
317.0;64.53;-0.0738;76.36;23.75;367.68;55.51;1.534;13.69
318.0;65.55;0.2695;76.41;23.78;368.84;54.44;1.066;13.71
319.0;64.25;-0.4378;76.23;23.53;368.67;-20.42;1.166;13.38
320.0;65.43;0.2769;76.32;23.86;368.76;57.84;1.58;13.79
321.0;64.85;-0.2714;76.39;23.86;368.14;-15.73;1.454;14.02
322.0;65.67;0.2183;76.13;23.85;366.68;56.07;2.147;13.81
323.0;65.42;-0.0769;76.27;24.04;369.08;56.82;1.846;14.07
324.0;66.06;0.1619;76.19;23.92;368.14;55.72;1.483;13.95
325.0;65.41;-0.1379;76.2;23.79;369.19;63.07;1.49;13.79
326.0;64.03;-0.3353;76.14;23.61;368.96;-11.6;1.514;13.64
327.0;64.94;0.2445;76.18;23.95;366.39;62.18;1.705;13.68
328.0;64.28;-0.2691;76.33;23.62;366.68;-18.19;1.105;13.43
329.0;64.67;0.1341;76.06;23.91;366.95;56.76;1.107;13.73
330.0;65.89;0.3609;76.06;23.98;366.57;53.85;1.44;13.84
331.0;65.37;-0.1329;76.03;24.3;368.69;57.14;1.242;14.23
332.0;64.56;-0.1831;76.26;24.03;368.67;56.39;1.853;13.93
333.0;64.38;-0.0987;76.07;24.19;369.18;50.69;0.979;13.58
334.0;65.01;0.2551;76.09;23.68;368.38;54.6;1.206;13.44
335.0;64.26;-0.2463;76.04;24.0;368.06;54.75;1.976;13.75
336.0;64.59;0.1211;75.98;23.88;369.13;58.01;2.187;14.0
337.0;65.18;0.0966;76.02;24.14;368.34;58.76;1.383;13.74
338.0;65.68;0.1036;76.22;24.08;368.27;55.07;1.469;13.94
339.0;65.36;-0.0302;76.12;24.16;369.76;58.96;1.902;13.75
340.0;63.62;-0.4936;75.93;24.09;367.72;-22.03;1.233;13.98
341.0;65.17;0.4664;76.03;24.0;367.43;45.44;1.368;13.4
342.0;65.04;-0.0291;75.9;23.89;366.52;54.84;1.02;14.2
343.0;65.24;0.0529;75.81;24.52;368.18;61.29;1.498;13.52
344.0;65.96;0.2551;76.02;23.75;369.25;50.94;2.322;14.0
345.0;63.76;-0.6226;76.01;23.92;367.7;-22.03;1.921;13.73
346.0;64.64;0.1742;75.99;24.21;369.28;62.75;2.238;13.77
347.0;65.35;0.165;75.85;23.96;365.06;54.04;1.868;13.74
348.0;64.05;-0.3399;75.86;24.04;367.38;-15.67;1.689;13.86
349.0;65.88;0.5255;75.92;24.11;367.52;52.37;1.912;13.91
350.0;65.22;-0.2472;75.88;24.14;366.6;63.46;0.025;14.06
351.0;65.5;0.0508;75.8;23.97;370.18;56.9;0.331;14.15
352.0;64.65;-0.2594;75.69;24.44;367.01;-18.18;0.245;13.88
353.0;65.48;0.2162;75.81;24.21;366.85;62.63;0.302;14.23
354.0;65.64;-0.0125;75.87;24.29;367.5;60.0;0.23;13.82
355.0;65.14;-0.1643;75.67;24.07;364.66;53.38;0.241;14.07
356.0;65.14;-0.0288;75.81;24.14;366.42;54.29;0.045;13.91
357.0;65.16;0.0369;75.77;24.17;368.43;58.88;0.0;13.66
358.0;64.48;-0.1565;75.78;24.15;366.53;53.76;0.254;13.85
359.0;64.91;0.1135;75.78;24.28;366.28;48.19;0.343;13.93
360.0;64.91;-0.0165;75.64;24.29;368.56;56.45;0.344;13.79
361.0;65.23;0.095;75.55;24.36;368.41;51.05;0.301;13.9
362.0;65.6;0.0701;75.62;24.02;367.57;63.78;0.059;14.02
363.0;64.36;-0.3889;75.72;24.14;366.61;-15.37;0.093;13.79
364.0;64.92;0.118;75.59;24.12;366.6;53.06;0.242;13.06
365.0;65.89;0.2424;75.56;24.39;365.87;54.8;0.114;14.22
366.0;64.55;-0.4174;75.46;24.27;365.42;-19.6;0.106;13.73
367.0;64.51;-0.0066;75.73;24.46;365.92;51.88;0.241;13.59
368.0;65.12;0.2;75.64;24.41;366.25;60.93;0.241;13.52
369.0;65.51;0.0436;75.62;24.35;365.71;66.16;0.302;13.72
370.0;65.01;-0.1378;75.62;24.14;365.07;59.66;0.09;13.66
371.0;65.8;0.2108;75.57;24.2;367.12;57.14;0.18;13.62
372.0;65.51;-0.065;75.49;24.34;366.97;55.51;0.162;13.63
373.0;65.5;-0.003;75.48;24.15;368.71;53.4;0.0;13.93
374.0;65.33;-0.1061;75.45;24.42;365.79;65.3;0.294;14.31
375.0;66.4;0.2451;75.68;24.45;367.42;57.32;0.031;14.01
376.0;64.88;-0.4209;75.5;24.37;367.07;-15.51;0.439;14.08
377.0;63.8;-0.2586;75.4;24.2;366.19;-18.47;0.245;13.71
378.0;65.96;0.5127;75.46;24.14;367.51;50.7;0.0;13.83
379.0;64.72;-0.3298;75.32;24.24;367.28;-20.2;0.0;13.91
380.0;65.06;0.1419;75.51;24.52;367.12;54.13;0.132;13.64
381.0;65.79;0.1942;75.32;24.49;366.03;57.18;0.019;13.69
382.0;64.04;-0.4633;75.4;24.06;366.07;-19.2;0.117;14.01
383.0;64.25;0.0303;75.43;24.53;364.92;68.02;0.083;14.07
384.0;64.04;-0.063;75.36;24.28;365.45;51.53;0.113;13.82
385.0;64.52;0.0697;75.32;24.63;365.59;57.21;0.129;13.5
386.0;65.26;0.1119;75.3;24.61;364.95;59.47;0.176;13.73
387.0;65.31;0.0518;75.28;24.46;366.78;57.04;0.0;13.44
388.0;65.17;-0.0807;75.22;24.52;367.57;57.35;0.308;13.82
389.0;64.15;-0.2997;75.22;24.65;365.04;-21.59;0.13;13.86
390.0;63.61;-0.205;75.36;24.77;366.75;55.86;0.149;13.73
391.0;65.03;0.3377;75.22;24.27;364.88;58.83;0.0;13.86
392.0;64.72;-0.0946;75.15;24.5;365.61;57.79;0.176;13.9
393.0;65.28;0.126;75.15;24.68;365.16;59.29;0.008;13.86
394.0;65.42;0.0556;75.27;24.48;366.95;62.8;0.284;13.5
395.0;65.08;-0.0758;75.22;24.67;365.31;60.58;0.09;13.74
396.0;65.46;0.1165;75.19;24.43;367.29;57.47;0.222;13.9
397.0;65.14;-0.0789;75.11;24.91;365.62;52.19;0.042;14.19
398.0;65.32;0.1133;75.16;24.86;365.24;54.65;0.438;13.73
399.0;64.58;-0.2485;75.05;24.58;364.28;55.47;0.306;13.94
400.0;60.34;-1.1786;75.07;24.54;366.12;-12.03;0.288;14.02
401.0;56.34;-1.0674;75.15;24.78;367.06;-18.29;0.053;13.75
402.0;52.78;-0.9386;75.13;24.4;366.27;-16.07;0.193;14.09
403.0;48.39;-1.2759;74.97;24.37;368.3;-19.61;0.479;14.1
404.0;45.53;-0.8055;74.96;24.81;367.32;-21.16;0.284;14.15
405.0;41.89;-0.9561;75.03;24.72;365.37;-18.7;0.108;13.91
406.0;39.04;-0.7727;75.14;24.64;365.6;-14.7;0.0;14.39
407.0;36.87;-0.5948;74.84;24.67;365.92;-19.56;0.433;13.65
408.0;32.63;-1.1864;75.0;24.23;364.68;-20.61;0.0;14.33
409.0;30.68;-0.557;74.86;24.53;366.79;-17.53;0.097;13.99
410.0;28.37;-0.6311;74.91;24.4;365.93;-16.5;0.076;14.14
411.0;25.81;-0.7209;74.92;24.7;365.82;-13.07;0.202;13.72
412.0;24.9;-0.2549;74.9;24.78;366.3;-16.94;0.247;14.01
413.0;23.98;-0.2509;74.88;24.64;367.51;-16.07;0.267;14.16
414.0;21.71;-0.6571;74.91;24.7;365.71;-15.84;0.009;13.53
415.0;20.47;-0.3238;74.86;24.31;365.26;-21.46;0.167;13.76
416.0;19.58;-0.1306;74.77;24.56;367.03;10.47;0.32;13.26
417.0;18.4;-0.3994;74.94;24.82;366.72;-20.89;0.248;13.76
418.0;16.33;-0.5621;74.93;24.78;365.15;-21.25;0.031;13.6
419.0;16.04;-0.1116;74.93;24.88;365.54;12.64;0.084;13.75
420.0;14.21;-0.4832;74.72;24.29;365.35;-22.0;0.265;14.53
421.0;12.67;-0.4284;74.86;24.64;365.83;-15.61;0.307;14.23
422.0;11.89;-0.1851;74.88;24.68;363.81;11.71;0.351;13.44
423.0;10.5;-0.3388;74.73;24.65;363.29;-17.13;0.0;13.94
424.0;10.06;-0.115;74.81;24.64;364.22;8.6;0.256;14.0
425.0;9.64;-0.0723;74.79;24.73;364.09;5.7;0.137;13.72
426.0;9.64;-0.0917;74.93;24.64;364.77;4.36;0.339;13.84
427.0;9.55;0.0383;74.93;24.69;366.3;2.97;0.021;13.87
428.0;7.09;-0.6678;74.63;24.75;364.73;-17.76;0.0;13.46
429.0;7.6;0.1849;74.96;24.24;365.83;0.98;0.272;13.54
430.0;11.13;0.9301;74.67;24.6;363.54;9.04;0.109;13.84
431.0;16.12;1.3519;74.81;24.41;364.75;3.96;0.0;13.82
432.0;19.54;0.9582;74.8;24.64;365.98;11.4;0.257;13.62
433.0;22.05;0.6956;74.63;24.61;365.65;24.13;0.262;13.6
434.0;26.99;1.3822;74.74;24.64;364.28;18.13;0.264;13.78
435.0;29.12;0.6351;74.68;24.8;365.22;21.7;0.067;14.02
436.0;31.99;0.7292;74.72;24.59;367.75;21.86;0.107;13.78
437.0;34.31;0.6824;74.68;24.83;365.01;28.94;0.036;14.21
438.0;37.01;0.7511;74.75;24.72;364.34;27.22;0.107;13.63
439.0;39.94;0.806;74.65;24.58;364.75;32.2;0.088;13.85
440.0;41.7;0.4277;74.61;24.46;365.0;38.01;0.485;13.71
441.0;43.98;0.6546;74.7;24.91;364.89;33.99;0.434;13.95
442.0;45.84;0.4188;74.65;24.77;364.92;41.7;0.0;13.6
443.0;48.12;0.6598;74.65;24.66;363.22;44.0;0.441;14.28
444.0;48.71;0.104;74.52;24.78;363.54;45.49;0.15;13.38
445.0;49.5;0.2232;74.48;24.68;364.43;42.59;0.126;14.23
446.0;52.4;0.8006;74.5;25.05;364.46;57.75;0.293;13.82
447.0;52.84;0.1683;74.48;24.74;363.94;49.42;0.0;13.94
448.0;54.89;0.5637;74.58;24.75;364.61;48.45;0.084;14.13
449.0;55.56;0.1571;74.58;24.65;364.9;44.28;0.356;14.01
450.0;56.28;0.1792;74.48;24.98;365.68;48.08;0.31;13.62
451.0;57.52;0.3962;74.59;24.6;364.72;55.35;0.0;13.95
452.0;59.37;0.5352;74.57;24.42;365.28;58.24;0.207;14.27
453.0;60.27;0.235;74.46;24.81;363.93;58.17;0.347;13.58
454.0;59.84;-0.1307;74.36;24.52;365.07;54.98;0.267;14.33
455.0;60.6;0.1509;74.54;24.78;365.19;47.55;0.357;13.9
456.0;61.82;0.3528;74.39;25.13;365.48;55.68;0.447;13.69
457.0;61.28;-0.2191;74.4;24.83;365.3;48.25;0.178;13.58
458.0;62.57;0.3862;74.34;24.84;365.04;48.49;0.268;13.74
459.0;62.88;0.0938;74.28;24.7;364.1;55.7;0.327;13.31
460.0;63.59;0.2902;74.22;24.86;364.39;57.5;0.372;13.7
461.0;63.36;-0.1068;74.38;25.1;365.68;58.8;0.184;13.73
462.0;63.34;-0.0107;74.25;24.69;363.36;57.16;0.0;13.53
463.0;63.44;0.1024;74.54;24.69;363.99;57.4;0.0;13.99
464.0;64.39;0.3102;74.19;25.0;364.25;52.23;0.357;13.75
465.0;65.13;0.178;74.16;24.87;364.47;56.45;0.21;13.64
466.0;65.55;0.1259;74.29;25.35;363.24;51.25;0.373;13.72
467.0;67.19;0.4549;74.36;24.8;364.28;50.82;0.29;13.89
468.0;66.97;-0.05;74.22;25.27;363.98;61.58;0.0;13.82
469.0;65.99;-0.3008;74.25;25.0;361.49;-25.78;0.0;13.62
470.0;67.01;0.2815;74.04;25.07;363.46;62.15;0.267;13.83
471.0;66.78;-0.1276;74.12;24.78;363.69;62.88;0.386;13.79
472.0;67.07;0.0836;74.07;25.12;363.59;56.23;0.244;13.52
473.0;67.54;0.15;73.99;25.05;365.32;61.52;0.002;13.73
474.0;67.98;0.1132;74.14;24.78;362.46;56.94;0.083;13.94
475.0;67.57;-0.1779;73.93;24.95;362.51;51.81;0.465;13.94
476.0;68.57;0.3166;73.99;24.82;360.48;60.64;0.049;13.74
477.0;67.39;-0.3128;74.04;25.26;363.14;-11.83;0.0;13.97
478.0;68.22;0.1997;74.0;24.98;363.16;58.04;0.374;13.56
479.0;69.9;0.4554;74.08;25.07;363.19;69.3;0.284;13.56
480.0;68.59;-0.4235;74.06;24.74;365.08;-20.68;0.307;13.74
481.0;69.42;0.1907;74.09;24.82;364.85;62.48;0.265;14.17
482.0;68.72;-0.2172;74.06;24.91;363.86;56.3;0.392;13.84
483.0;69.1;0.1567;74.08;24.96;363.35;64.28;0.009;13.73
484.0;68.81;-0.1076;73.97;25.16;364.81;61.56;0.068;14.19
485.0;68.82;0.0292;73.98;25.03;363.57;61.9;0.216;13.73
486.0;68.53;-0.1021;73.98;25.48;362.62;56.33;0.084;14.36
487.0;69.33;0.231;73.94;25.3;361.45;57.8;0.286;13.67
488.0;68.62;-0.2012;73.88;25.44;362.86;63.9;0.097;13.55
489.0;69.59;0.3046;73.87;24.99;364.27;68.2;0.0;13.76
490.0;69.9;0.0642;73.81;24.8;365.99;63.33;0.13;13.74
491.0;69.52;-0.1681;73.9;25.19;363.5;57.46;0.241;13.6
492.0;69.18;-0.1505;73.84;24.74;362.39;62.08;0.162;14.45
493.0;69.67;0.1147;73.78;25.33;361.76;70.9;0.117;13.88
494.0;69.25;-0.1654;73.76;25.09;363.81;61.2;0.273;13.92
495.0;70.04;0.2347;73.7;25.13;360.91;67.39;0.104;13.68
496.0;68.42;-0.4697;73.86;25.33;364.02;-11.84;0.12;13.66
497.0;69.35;0.3537;73.78;25.27;364.16;60.71;0.308;14.06
498.0;68.39;-0.3366;73.68;25.01;363.51;-22.35;0.333;13.38
499.0;68.71;0.0989;73.8;25.37;362.97;61.87;0.217;13.51
500.0;70.46;0.4389;73.68;25.04;363.65;58.87;0.604;13.74
501.0;70.2;-0.0908;73.59;25.52;363.01;58.45;0.443;14.14
502.0;69.25;-0.2569;73.77;25.26;362.24;-20.44;0.103;13.71
503.0;68.81;-0.2174;73.63;25.41;365.11;65.13;0.094;13.9
504.0;67.95;-0.2285;73.63;25.47;362.45;65.6;0.246;13.81
505.0;69.42;0.4849;73.65;25.36;363.85;68.17;0.133;14.12
506.0;71.22;0.4807;73.72;25.36;360.16;63.2;0.227;13.4
507.0;70.04;-0.316;73.61;25.2;364.38;-24.61;0.146;13.98
508.0;69.46;-0.1205;73.5;25.59;364.38;66.39;0.185;13.75
509.0;70.09;0.1682;73.63;25.41;362.91;64.44;0.302;14.03
510.0;68.89;-0.3572;73.53;25.55;363.34;-16.91;0.253;13.6
511.0;69.66;0.123;73.7;25.42;363.7;57.04;0.438;13.81
512.0;69.91;0.0949;73.54;25.21;361.91;63.38;0.116;13.77
513.0;69.81;-0.0325;73.34;25.47;362.94;60.61;0.385;13.55
514.0;70.34;0.1084;73.53;25.49;361.71;61.72;0.0;13.48
515.0;70.08;-0.0667;73.64;25.37;362.18;65.87;0.373;13.65
516.0;70.29;0.033;73.6;25.6;364.17;64.81;0.45;13.83
517.0;69.48;-0.245;73.6;25.31;364.0;66.33;0.153;13.61
518.0;70.44;0.2907;73.36;25.7;361.48;54.19;0.02;13.72
519.0;70.89;0.0702;73.5;25.39;361.73;63.36;0.449;13.33
520.0;69.33;-0.3895;73.35;25.59;361.54;-21.3;0.336;13.71
521.0;69.39;-0.0405;73.41;25.42;363.31;54.81;0.141;14.06
522.0;70.73;0.3456;73.28;25.3;360.96;59.57;0.246;13.98
523.0;69.82;-0.1762;73.31;25.44;362.66;57.96;0.316;13.78
524.0;70.78;0.3123;73.29;25.45;363.09;62.33;0.011;13.86
525.0;69.68;-0.3026;73.4;25.8;362.31;-21.22;0.282;13.59
526.0;70.82;0.2798;73.38;25.66;363.58;70.37;0.169;14.21
527.0;70.03;-0.2407;73.32;25.31;361.89;58.27;0.217;14.32
528.0;70.11;0.025;73.18;25.29;361.7;63.71;0.396;13.84
529.0;70.89;0.2202;73.24;25.85;360.92;64.59;0.082;14.45
530.0;69.74;-0.3239;73.19;25.55;363.21;-22.12;0.432;13.63
531.0;69.4;-0.097;73.31;25.77;361.3;62.52;0.252;13.49
532.0;69.7;0.0743;73.32;25.4;362.66;62.43;0.311;13.62
533.0;70.24;0.0932;73.29;25.77;362.1;68.48;0.127;13.75
534.0;69.03;-0.3564;73.13;25.7;360.6;-15.67;0.175;14.38
535.0;70.35;0.4044;72.96;25.68;360.77;57.6;0.319;13.73
536.0;69.65;-0.2502;73.02;25.73;363.29;-15.87;0.276;13.59
537.0;70.66;0.274;73.26;25.7;362.36;65.7;0.239;13.58
538.0;68.54;-0.6227;73.1;25.92;360.58;-12.56;0.215;14.09
539.0;69.51;0.2729;73.05;25.62;362.07;65.56;0.138;14.05
540.0;68.97;-0.1651;73.23;25.74;361.88;61.27;0.138;13.68
541.0;69.49;0.2029;73.18;25.8;366.11;61.81;0.31;13.33
542.0;70.13;0.1996;73.07;25.78;362.07;62.11;0.133;13.52
543.0;69.88;-0.1233;73.03;25.88;361.19;53.31;0.267;14.23
544.0;69.83;0.0148;73.02;25.61;363.35;61.02;0.124;13.97
545.0;69.89;-0.015;73.04;25.71;359.46;58.72;0.259;13.82
546.0;70.11;0.0376;73.13;25.96;361.97;56.86;0.36;14.27
547.0;69.38;-0.1892;73.02;25.7;364.03;66.65;0.344;14.29
548.0;70.41;0.2665;73.03;25.78;361.51;63.91;0.419;13.79
549.0;70.39;0.0286;73.05;25.65;359.61;61.75;0.017;13.8
550.0;70.22;-0.0771;72.85;25.8;360.8;59.45;0.238;13.65
551.0;70.32;0.004;72.99;25.8;363.31;62.99;0.056;13.73
552.0;70.17;-0.0694;72.89;25.71;361.81;65.63;0.278;13.43
553.0;71.21;0.2673;72.69;25.62;359.96;59.34;0.353;13.43
554.0;69.94;-0.3096;72.71;25.74;360.17;-20.06;0.218;13.37
555.0;69.81;-0.0114;72.78;25.66;360.47;64.79;0.25;14.07
556.0;69.54;-0.0059;72.89;25.71;361.8;53.32;0.333;13.41
557.0;69.37;0.0444;72.84;25.94;362.87;60.68;0.099;14.29
558.0;69.25;-0.0765;72.83;25.72;362.51;59.07;0.101;13.62
559.0;69.46;0.0622;72.96;26.3;362.05;60.45;0.0;14.23
560.0;69.95;0.0894;72.68;25.59;359.35;59.45;0.478;13.71
561.0;70.2;0.0365;72.77;25.81;359.52;62.24;0.438;13.41
562.0;70.03;-0.0723;72.78;26.01;361.78;69.22;0.385;14.12
563.0;69.54;-0.1783;72.68;26.18;359.32;59.76;0.455;14.15
564.0;70.54;0.2356;72.72;25.76;360.76;63.18;0.414;13.57
565.0;70.44;-0.0325;72.58;25.84;361.09;69.9;0.217;13.72
566.0;69.9;-0.1984;72.8;26.13;359.83;59.21;0.074;13.57
567.0;69.61;-0.0485;72.62;25.96;359.59;68.38;0.193;13.77
568.0;70.33;0.1636;72.82;26.26;361.12;61.83;0.433;13.83
569.0;70.11;0.0524;72.64;26.15;361.46;68.73;0.32;13.71
570.0;69.13;-0.2907;72.71;25.98;362.27;-17.34;0.366;13.35
571.0;69.96;0.2329;72.61;26.09;361.52;62.69;0.198;13.65
572.0;70.16;0.0032;72.6;25.68;360.85;61.38;0.061;13.98
573.0;69.46;-0.1253;72.54;26.14;359.75;58.49;0.327;13.75
574.0;70.11;0.2264;72.58;25.83;359.44;61.91;0.095;13.72
575.0;69.13;-0.2622;72.58;26.08;360.11;-21.87;0.182;13.57
576.0;70.8;0.4113;72.47;25.75;361.0;62.21;0.046;13.65
577.0;70.75;-0.0063;72.51;26.15;360.99;60.94;0.213;14.15
578.0;69.85;-0.2949;72.46;25.76;357.96;-19.01;0.235;13.52
579.0;70.22;0.1612;72.67;26.1;359.98;65.68;0.385;13.98
580.0;68.55;-0.4298;72.47;25.78;361.94;-19.56;0.262;13.81
581.0;69.31;0.2128;72.58;25.98;360.83;58.17;0.297;13.86
582.0;69.82;0.0463;72.43;26.27;358.72;58.66;0.245;13.62
583.0;69.36;-0.169;72.45;26.14;363.29;62.41;0.344;13.71
584.0;70.43;0.3253;72.3;26.28;360.13;68.02;0.137;13.8
585.0;71.2;0.2623;72.36;26.38;360.74;67.22;0.171;13.67
586.0;69.29;-0.4846;72.4;25.95;360.83;-16.61;0.319;13.88
587.0;69.5;-0.0071;72.49;26.35;360.11;59.97;0.11;13.91
588.0;70.14;0.1909;72.37;25.83;359.42;57.91;0.034;14.34
589.0;70.97;0.2699;72.44;26.51;363.0;61.35;0.359;13.87
590.0;69.27;-0.5386;72.37;26.2;361.5;-14.95;0.304;13.32
591.0;70.15;0.2449;72.43;26.06;361.41;55.95;0.063;14.09
592.0;71.09;0.273;72.28;26.4;360.81;56.06;0.155;13.75
593.0;69.01;-0.5909;72.46;26.13;359.28;-15.03;0.317;14.3
594.0;69.23;-0.0123;72.22;26.08;361.52;61.92;0.458;14.17
595.0;69.75;0.1299;72.18;26.2;358.9;63.74;0.232;13.67
596.0;69.69;-0.0292;72.13;26.11;360.14;62.95;0.045;13.98
597.0;70.49;0.2163;72.39;26.29;358.38;66.67;0.433;13.65
598.0;70.14;-0.1177;72.26;26.31;357.62;54.59;0.324;13.8
599.0;68.93;-0.3538;72.15;26.42;360.23;-20.53;0.22;13.97
600.0;70.31;0.3801;72.26;26.18;359.11;60.55;0.123;14.08
601.0;69.65;-0.1645;72.2;26.44;357.57;64.1;0.206;14.02
602.0;70.76;0.2965;72.29;26.04;360.78;56.93;0.368;13.82
603.0;69.62;-0.3334;71.99;26.3;362.07;-15.0;0.183;14.42
604.0;69.62;0.0022;72.08;26.04;361.37;62.08;0.531;13.71
605.0;70.32;0.1195;72.05;26.49;359.33;66.43;0.318;13.4
606.0;70.46;0.0561;71.91;26.55;359.37;55.59;0.18;13.45
607.0;70.27;-0.0525;72.14;26.43;360.89;61.88;0.06;14.17
608.0;68.99;-0.354;72.01;26.27;360.92;-18.13;0.263;13.78
609.0;70.32;0.409;72.08;26.53;359.29;63.83;0.217;13.84
610.0;69.38;-0.3402;72.19;26.03;359.98;-18.97;0.425;13.66
611.0;70.14;0.1326;71.96;26.25;359.82;66.78;0.386;13.69
612.0;69.15;-0.2655;71.94;26.48;360.09;-20.13;0.261;13.6
613.0;70.27;0.3114;71.97;25.91;359.32;65.46;0.369;13.92
614.0;69.52;-0.202;72.02;25.97;359.44;66.48;0.0;13.78
615.0;69.23;-0.0978;71.88;26.25;360.96;54.2;0.214;13.91
616.0;70.43;0.3593;71.86;26.69;360.71;64.36;0.019;13.88
617.0;70.14;-0.0414;71.98;26.6;360.08;65.47;0.182;13.69
618.0;69.63;-0.1232;71.91;26.75;361.42;60.12;0.202;13.44
619.0;70.87;0.3338;71.7;26.47;358.47;57.48;0.26;13.41
620.0;69.74;-0.3996;71.75;26.4;360.98;-19.68;0.187;14.56
621.0;70.02;0.1096;71.95;26.36;360.1;56.72;0.061;14.17
622.0;70.16;0.0883;71.85;26.48;363.16;60.94;0.279;14.14
623.0;69.63;-0.1223;71.74;26.28;357.58;60.99;0.307;13.63
624.0;70.28;0.1466;71.77;26.84;358.25;64.63;0.258;13.8
625.0;69.68;-0.1405;71.77;26.95;359.58;58.69;0.04;13.6
626.0;69.75;0.0547;71.81;26.76;359.64;58.53;0.137;13.47
627.0;70.82;0.3581;71.63;26.46;361.13;62.67;0.078;13.65
628.0;69.38;-0.4356;71.66;26.25;358.04;-12.77;0.0;14.13
629.0;68.55;-0.2378;71.73;26.88;360.08;69.27;0.118;14.01
630.0;70.97;0.7005;71.68;26.63;360.29;56.39;0.094;13.56
631.0;71.53;0.1587;71.72;26.58;359.82;64.21;0.0;13.72
632.0;69.76;-0.5371;71.56;26.51;357.5;-17.08;0.295;13.99
633.0;68.84;-0.2387;71.67;26.58;360.57;64.47;0.266;13.66
634.0;69.81;0.2942;71.72;26.43;360.44;57.57;0.224;13.82
635.0;69.83;0.0076;71.65;26.54;359.55;58.64;0.414;13.9
636.0;69.89;0.0248;71.61;26.92;358.99;59.03;0.238;13.9
637.0;69.33;-0.1643;71.57;26.85;358.95;60.56;0.282;13.86
638.0;70.35;0.3413;71.5;26.85;358.43;63.12;0.324;13.64
639.0;70.31;-0.0452;71.55;26.41;359.38;63.73;0.004;13.66
640.0;69.1;-0.36;71.64;26.66;358.84;-17.48;0.177;13.52
641.0;70.42;0.366;71.51;26.85;357.53;56.58;0.206;13.41
642.0;71.23;0.2607;71.43;26.61;357.13;65.58;0.325;13.77
643.0;70.1;-0.3733;71.45;26.57;357.52;-18.79;0.22;14.0
644.0;69.8;-0.1373;71.49;26.84;358.77;65.95;0.439;13.45
645.0;69.91;-0.049;71.43;26.78;358.34;58.59;0.364;13.87
646.0;70.37;0.1275;71.48;27.08;358.74;55.44;0.129;14.0
647.0;68.96;-0.4357;71.47;26.42;359.06;-10.66;0.307;13.34
648.0;70.1;0.3005;71.48;26.54;357.73;66.78;0.331;13.73
649.0;69.77;-0.066;71.51;26.99;360.3;61.92;0.1;14.21
650.0;68.66;-0.3332;71.46;26.51;358.12;-14.08;0.245;13.94
651.0;65.17;-0.9607;71.29;26.68;357.57;-20.16;0.296;13.33
652.0;64.15;-0.2936;71.28;26.74;358.64;-18.82;0.176;13.96
653.0;60.52;-0.9825;71.33;26.88;355.97;-18.64;0.0;13.61
654.0;59.7;-0.2083;71.28;26.73;357.13;48.81;0.104;13.97
655.0;57.84;-0.5458;71.21;26.81;359.11;-17.56;0.404;13.63
656.0;55.54;-0.6451;71.26;26.79;355.94;-20.1;0.112;13.79
657.0;54.69;-0.1933;71.24;26.84;359.33;52.06;0.178;13.67
658.0;53.94;-0.1926;71.21;27.34;359.74;48.74;0.095;13.8
659.0;51.75;-0.6661;71.22;26.74;357.51;-16.68;0.409;13.66
660.0;49.74;-0.5312;71.33;26.88;358.52;-13.64;0.351;13.74
661.0;49.64;-0.0706;71.24;26.58;359.33;41.51;0.34;13.51
662.0;48.08;-0.3759;71.4;26.61;357.77;-21.94;0.318;13.92
663.0;47.47;-0.1306;71.21;26.77;358.96;39.53;0.0;13.84
664.0;46.74;-0.1913;71.16;26.6;357.02;35.5;0.038;13.4
665.0;44.94;-0.4935;71.17;26.7;357.27;-21.38;0.0;14.05
666.0;44.22;-0.2065;71.17;26.93;356.9;40.24;0.263;13.76
667.0;44.77;0.1786;71.17;26.9;358.27;43.44;0.394;13.84
668.0;43.5;-0.3666;71.29;26.93;359.49;-19.45;0.123;13.99
669.0;41.66;-0.5023;71.05;26.57;357.37;-19.31;0.145;13.88
670.0;43.1;0.4337;71.17;27.08;356.32;34.75;0.243;14.09
671.0;42.25;-0.2561;71.1;26.74;356.41;-12.0;0.232;13.73
672.0;41.17;-0.3269;70.95;26.65;357.87;-14.99;0.216;14.06
673.0;40.34;-0.2765;71.12;26.84;359.97;-15.17;0.166;13.83
674.0;41.2;0.1969;71.15;27.0;358.28;35.22;0.02;13.93
675.0;40.51;-0.2651;70.97;26.49;356.97;-18.79;0.185;13.9
676.0;41.36;0.2649;71.02;26.96;358.46;30.77;0.139;14.11
677.0;39.84;-0.3506;70.87;26.9;356.95;-18.86;0.206;13.98
678.0;39.5;-0.0376;70.9;26.92;356.83;36.07;0.323;13.69
679.0;38.87;-0.2404;71.07;26.86;356.49;27.98;0.021;13.64
680.0;36.73;-0.5648;70.93;26.96;359.06;-22.36;0.22;13.79
681.0;34.08;-0.6797;70.87;26.82;354.19;-15.65;0.0;13.61
682.0;32.1;-0.5692;70.97;26.72;358.39;-16.53;0.053;13.54
683.0;28.84;-0.9009;70.89;26.94;356.73;-14.14;0.0;13.27
684.0;26.85;-0.6328;70.89;26.68;356.77;-18.63;0.233;13.41
685.0;24.92;-0.5237;70.97;26.65;359.47;-18.43;0.287;14.3
686.0;23.92;-0.3211;70.81;26.87;356.25;-17.49;0.366;13.64
687.0;22.7;-0.33;70.82;27.07;356.31;-15.32;0.296;14.28
688.0;20.0;-0.8127;70.89;26.89;357.12;-22.41;0.22;13.9
689.0;18.6;-0.3669;70.95;26.8;357.88;-15.79;0.397;13.79
690.0;17.73;-0.2026;70.96;26.89;356.88;10.82;0.334;13.42
691.0;16.16;-0.4657;70.79;27.11;355.19;-18.06;0.189;13.8
692.0;15.74;-0.163;70.91;26.58;356.28;9.12;0.079;14.27
693.0;12.76;-0.9152;70.76;26.96;358.55;-21.18;0.429;14.19
694.0;12.62;-0.0475;70.96;27.09;357.51;10.13;0.506;13.87
695.0;11.73;-0.271;70.71;26.97;357.46;-24.25;0.092;13.51
696.0;9.96;-0.5556;70.9;26.84;356.98;-18.41;0.181;13.56
697.0;9.98;0.0236;70.73;26.66;356.16;6.84;0.148;13.59
698.0;9.27;-0.2151;70.94;26.97;359.38;6.7;0.168;14.12
699.0;9.01;-0.1149;70.81;26.74;356.89;0.48;0.221;14.21
700.0;9.16;0.0193;70.67;26.8;356.3;1.73;0.226;13.85
701.0;7.75;-0.3485;70.7;27.17;358.21;-13.66;0.393;13.72
702.0;6.72;-0.2603;70.8;26.98;356.22;-12.98;0.312;14.19
703.0;6.79;0.0143;70.81;26.7;356.4;-1.52;0.0;13.56
704.0;6.98;0.0764;70.71;26.98;356.92;1.93;0.332;13.81
705.0;5.32;-0.5074;70.71;26.98;356.9;-16.93;0.158;13.92
706.0;4.95;-0.1026;70.76;27.15;357.31;-2.36;0.16;13.58
707.0;5.44;0.144;70.7;26.94;359.39;-4.73;0.154;13.64
708.0;4.62;-0.2481;70.57;26.89;357.03;0.07;0.357;13.62
709.0;4.81;0.0699;70.6;26.95;353.83;1.27;0.32;14.15
710.0;7.95;0.8421;70.68;27.12;357.23;4.16;0.11;14.28
711.0;11.67;1.0543;70.74;26.76;357.02;6.14;0.241;13.83
712.0;13.69;0.5833;70.77;27.04;357.07;1.84;0.158;13.73
713.0;17.15;0.8449;70.69;27.13;357.16;8.82;0.362;13.65
714.0;19.68;0.7503;70.64;26.98;356.72;12.07;0.22;13.8
715.0;21.54;0.3948;70.66;27.15;356.75;13.85;0.199;13.66
716.0;23.63;0.5538;70.54;27.12;357.29;17.75;0.123;13.78
717.0;27.11;1.0077;70.57;27.18;355.96;26.45;0.389;13.9
718.0;28.47;0.3649;70.5;27.11;355.34;25.29;0.194;13.7
719.0;29.91;0.3413;70.46;26.94;360.02;19.46;0.39;13.75
720.0;32.18;0.5866;70.57;27.2;355.76;28.28;0.34;13.75
721.0;34.5;0.6878;70.55;27.0;356.69;30.34;0.026;13.72
722.0;33.94;-0.2333;70.57;26.82;354.83;24.02;0.404;13.69
723.0;35.79;0.5587;70.55;26.92;356.72;32.4;0.0;13.99
724.0;37.42;0.4495;70.51;26.79;355.39;29.9;0.384;13.36
725.0;40.04;0.6808;70.53;26.92;356.0;27.4;0.296;14.19
726.0;40.44;0.0882;70.46;26.95;357.66;35.24;0.0;13.83
727.0;41.76;0.3265;70.49;26.68;357.02;35.54;0.033;13.95
728.0;41.58;-0.0169;70.38;27.42;356.92;33.59;0.119;13.98
729.0;42.48;0.2805;70.46;26.82;354.27;35.21;0.365;13.62
730.0;44.25;0.4228;70.47;27.17;358.62;34.16;0.289;13.57
731.0;44.79;0.1332;70.35;27.5;354.74;39.99;0.007;13.54
732.0;45.8;0.2465;70.39;27.23;358.09;38.34;0.004;13.74
733.0;46.02;0.1143;70.33;27.18;357.35;39.39;0.355;13.97
734.0;46.92;0.196;70.32;26.76;356.8;41.01;0.24;13.65
735.0;47.43;0.2044;70.26;27.09;354.96;35.44;0.1;13.95
736.0;48.34;0.251;70.44;27.11;356.53;37.34;0.091;13.21
737.0;48.85;0.097;70.41;26.99;355.72;32.57;0.302;13.7
738.0;47.86;-0.3027;70.35;27.11;356.21;-12.11;0.344;14.09
739.0;47.92;-0.0167;70.45;26.91;356.08;35.67;0.144;13.76
740.0;50.27;0.602;70.27;27.04;353.55;43.28;0.216;13.59
741.0;50.75;0.1385;70.51;27.31;357.84;44.7;0.089;13.64
742.0;49.78;-0.3207;70.23;26.72;355.84;-18.13;0.216;13.04
743.0;49.59;-0.1374;70.26;27.06;355.4;37.3;0.053;13.55
744.0;51.07;0.3947;70.19;27.14;355.18;43.26;0.021;14.06
745.0;51.85;0.1441;70.24;27.29;356.38;50.94;0.399;13.65
746.0;52.63;0.1865;70.26;27.25;354.92;51.85;0.142;13.68
747.0;52.1;-0.1828;70.17;27.33;353.1;48.45;0.27;13.22
748.0;51.79;-0.1205;70.31;26.85;356.58;45.55;0.048;13.39
749.0;51.69;0.0512;70.17;27.17;356.43;40.08;0.0;14.1
750.0;52.43;0.207;70.16;27.12;355.55;47.68;0.191;13.95
751.0;52.42;0.0082;70.05;27.04;354.19;44.17;0.328;13.48
752.0;52.16;-0.1437;70.15;27.04;355.86;46.79;0.308;13.64
753.0;54.15;0.5279;70.09;27.34;353.88;43.91;0.162;13.79
754.0;54.14;0.005;70.04;27.11;354.3;45.74;0.381;13.5
755.0;53.89;-0.1116;70.01;27.24;354.57;46.85;0.163;13.3
756.0;52.78;-0.2716;70.27;27.11;357.02;-15.14;0.422;13.76
757.0;53.96;0.2803;70.02;27.25;355.06;48.24;0.133;13.94
758.0;53.94;-0.0172;69.91;27.51;354.74;43.93;0.21;13.95
759.0;53.92;-0.0282;69.96;27.29;357.71;40.85;0.513;14.02
760.0;54.5;0.1672;70.0;27.16;355.87;53.27;0.367;13.41
761.0;54.22;-0.1037;70.03;27.48;355.92;56.47;0.166;13.81
762.0;54.36;0.0292;70.02;27.27;355.04;48.44;0.163;13.73
763.0;54.38;-0.0056;70.01;27.26;354.76;41.36;0.249;13.78
764.0;54.27;-0.0592;69.89;26.97;352.61;43.46;0.053;13.75
765.0;53.06;-0.3165;69.96;27.13;356.53;-19.35;0.074;13.63
766.0;54.24;0.3376;69.84;27.34;355.68;51.89;0.257;13.05
767.0;53.91;-0.0945;69.85;27.2;354.94;41.37;0.0;14.09
768.0;53.53;-0.1232;69.81;26.96;354.91;45.36;0.0;13.88
769.0;55.36;0.5391;69.78;27.31;355.88;48.37;0.107;13.43
770.0;55.43;0.0111;69.94;27.18;353.47;51.12;0.285;13.92
771.0;55.25;-0.0621;69.9;27.44;354.54;46.12;0.155;13.69
772.0;54.63;-0.1689;69.91;27.35;353.9;40.64;0.245;13.7
773.0;55.32;0.2606;69.82;27.02;357.21;50.04;0.135;13.61
774.0;54.55;-0.2673;69.86;27.2;356.23;-19.54;0.209;13.93
775.0;54.7;0.0714;69.65;27.19;352.09;46.64;0.112;13.6
776.0;53.95;-0.2836;69.84;27.53;353.31;-20.03;0.022;13.53
777.0;54.87;0.2647;69.77;27.22;354.83;45.23;0.333;14.08
778.0;54.7;0.014;69.79;27.29;354.47;43.58;0.195;13.76
779.0;53.9;-0.201;69.76;27.43;353.38;50.31;0.092;13.76
780.0;54.68;0.2215;69.64;27.2;357.05;48.49;0.23;13.97
781.0;54.68;-0.0215;69.58;27.22;354.97;48.91;0.461;13.63
782.0;55.83;0.3194;69.63;27.41;355.27;54.04;0.0;13.68
783.0;55.3;-0.1557;69.72;27.4;354.05;43.32;0.03;13.88
784.0;54.79;-0.174;69.71;27.31;355.74;44.84;0.093;13.41
785.0;54.95;0.0322;69.54;27.48;354.05;47.83;0.06;13.86
786.0;54.84;-0.0222;69.55;27.53;354.2;44.84;0.148;13.61
787.0;54.7;-0.0682;69.56;27.28;355.28;50.1;0.265;14.01
788.0;54.19;-0.1754;69.57;27.49;352.63;45.73;0.261;13.94
789.0;54.76;0.104;69.48;27.27;356.3;43.05;0.182;13.9
790.0;54.41;-0.0806;69.46;27.82;354.57;46.95;0.166;13.4
791.0;54.12;-0.0595;69.49;27.63;355.96;47.09;0.287;13.77
792.0;55.18;0.3054;69.55;27.58;353.25;51.16;0.101;13.51
793.0;55.12;0.021;69.44;27.72;353.19;48.94;0.076;13.79
794.0;53.82;-0.3573;69.51;27.33;353.05;-24.18;0.228;13.22
795.0;54.83;0.2951;69.59;27.39;354.91;48.37;0.064;13.41
796.0;55.51;0.2005;69.38;27.59;354.27;46.98;0.0;14.1
797.0;55.55;0.0087;69.46;27.58;353.79;44.91;0.18;13.89
798.0;55.54;-0.0251;69.54;27.7;353.3;48.91;0.274;13.71
799.0;54.95;-0.0744;69.41;27.6;352.73;45.87;0.053;13.57
800.0;54.42;-0.164;69.39;27.53;354.14;53.46;0.392;13.53
801.0;54.29;-0.0651;69.51;27.5;353.89;51.94;0.417;13.85
802.0;55.15;0.2567;69.38;27.41;353.36;49.92;0.122;13.71
803.0;55.17;0.017;69.48;27.58;356.24;48.93;0.15;14.19
804.0;55.72;0.0962;69.41;27.55;354.15;47.58;0.34;13.75
805.0;55.61;0.0147;69.33;27.78;355.61;42.79;0.049;13.81
806.0;54.88;-0.2082;69.38;27.51;353.55;46.27;0.389;13.45
807.0;54.21;-0.2289;69.36;27.46;354.43;46.91;0.145;13.71
808.0;54.77;0.2025;69.4;27.59;354.16;47.95;0.139;13.84
809.0;55.09;0.1152;69.26;27.48;351.9;49.22;0.361;13.71
810.0;54.85;-0.1198;69.29;28.07;355.72;50.79;0.133;13.68
811.0;54.62;0.0091;69.27;27.64;353.8;44.12;0.134;13.88
812.0;55.12;0.1654;69.32;27.62;354.95;44.63;0.032;14.18
813.0;54.67;-0.126;69.16;27.76;352.84;52.74;0.218;13.84
814.0;54.6;0.0434;69.31;27.58;353.85;49.95;0.251;14.09
815.0;55.16;0.1634;69.25;27.91;352.89;45.84;0.252;13.96
816.0;54.74;-0.1196;69.1;27.83;355.09;46.57;0.171;14.07
817.0;55.13;0.0817;69.29;27.66;354.37;46.96;0.354;13.65
818.0;55.15;0.0285;69.35;27.87;354.57;47.51;0.272;13.75
819.0;54.3;-0.216;69.24;27.7;355.53;48.47;0.245;13.75
820.0;54.7;0.1106;69.26;28.13;355.33;57.1;0.232;13.94
821.0;55.85;0.2885;69.14;27.8;354.61;48.81;0.155;14.0
822.0;54.29;-0.4278;68.98;27.59;351.67;-14.14;0.218;13.83
823.0;53.72;-0.1616;68.96;28.1;352.48;39.29;0.068;14.02
824.0;53.87;-0.0106;69.11;27.59;352.43;44.24;0.06;13.66
825.0;55.01;0.2565;69.03;27.95;354.34;52.17;0.238;14.02
826.0;55.01;0.0231;68.99;27.82;353.59;48.87;0.108;14.05
827.0;54.92;-0.1286;69.04;27.66;351.83;29.62;0.03;13.97
828.0;55.72;0.2304;69.08;27.76;353.35;50.63;0.0;13.83
829.0;53.39;-0.6668;68.9;27.85;351.42;-19.92;0.331;13.98
830.0;55.23;0.564;68.97;27.8;353.28;39.48;0.39;13.58
831.0;55.93;0.1747;69.11;27.98;351.65;54.21;0.386;13.85
832.0;54.32;-0.4217;68.89;27.9;353.82;-20.4;0.028;13.88
833.0;54.77;0.1089;69.03;28.12;353.93;50.78;0.353;13.47
834.0;54.54;-0.0575;68.91;27.44;355.51;46.78;0.331;13.92
835.0;54.46;0.006;68.98;27.78;354.38;37.34;0.414;13.49
836.0;54.8;0.0763;69.01;27.99;352.91;48.84;0.22;13.69
837.0;55.85;0.3323;68.96;27.95;354.32;52.66;0.014;13.81
838.0;56.1;0.0287;68.96;28.03;351.66;49.75;0.321;13.62
839.0;54.79;-0.3504;68.78;28.25;351.81;-21.54;0.041;13.82
840.0;56.14;0.4105;68.95;27.98;353.71;46.69;0.346;13.82
841.0;55.02;-0.2851;68.78;28.17;350.37;-18.61;0.004;13.59
842.0;56.05;0.3631;68.85;27.62;353.06;51.01;0.328;13.94
843.0;54.94;-0.3383;68.84;27.81;351.86;-12.71;0.193;13.61
844.0;55.08;-0.0177;68.84;27.83;353.21;51.84;0.452;14.37
845.0;55.22;-0.0006;68.82;27.93;351.74;39.5;0.336;13.77
846.0;56.9;0.4954;68.71;28.02;353.32;43.0;0.0;13.51
847.0;55.51;-0.368;68.65;28.11;352.72;-11.72;0.309;13.55
848.0;54.57;-0.2556;68.82;28.0;354.71;-22.98;0.3;14.09
849.0;55.58;0.2345;68.75;27.87;352.9;47.98;0.178;13.7
850.0;54.78;-0.1911;68.81;28.0;352.1;48.62;0.091;13.46
851.0;54.7;-0.0703;68.7;28.15;352.5;41.25;0.155;14.01
852.0;55.54;0.2794;68.58;28.08;350.93;50.87;0.0;13.7
853.0;55.02;-0.0319;68.75;27.75;353.39;49.67;0.404;13.96
854.0;55.17;0.0559;68.63;28.03;353.36;45.21;0.177;14.03
855.0;55.01;-0.0207;68.67;27.97;355.71;46.57;0.247;13.87
856.0;55.2;0.0341;68.58;28.06;351.81;39.64;0.376;14.4
857.0;55.25;-0.0577;68.75;27.87;352.58;46.16;0.0;13.37
858.0;53.84;-0.4177;68.53;28.07;351.77;-19.06;0.32;13.6
859.0;55.4;0.3902;68.56;28.03;352.77;48.3;0.0;13.74
860.0;54.41;-0.3326;68.58;27.99;353.02;-21.1;0.019;14.37
861.0;54.13;-0.0078;68.47;28.15;352.27;47.4;0.077;14.25
862.0;54.96;0.2416;68.57;28.03;353.84;46.16;0.211;14.12
863.0;55.05;0.0389;68.66;27.9;351.98;48.44;0.096;13.6
864.0;54.58;-0.1419;68.48;28.01;353.53;50.86;0.307;13.63
865.0;55.5;0.2472;68.54;27.97;353.11;47.34;0.174;13.59
866.0;54.19;-0.3236;68.27;28.04;351.9;-15.03;0.0;13.6
867.0;54.76;0.1546;68.47;28.36;351.95;46.27;0.182;14.17
868.0;54.65;-0.0084;68.44;27.86;355.17;44.33;0.0;13.74
869.0;54.97;0.0819;68.38;28.23;351.17;49.31;0.346;13.77
870.0;55.17;0.0406;68.52;28.25;352.78;45.19;0.313;13.99
871.0;54.39;-0.2707;68.39;27.87;351.27;-17.14;0.38;13.38
872.0;55.43;0.2096;68.39;28.17;354.31;47.78;0.184;13.81
873.0;55.04;-0.1207;68.36;27.95;353.17;46.07;0.191;13.53
874.0;53.86;-0.3236;68.22;28.25;351.01;-19.91;0.28;13.73
875.0;53.82;-0.0625;68.27;28.11;352.53;44.1;0.318;13.65
876.0;54.99;0.323;68.43;28.19;352.54;40.66;0.386;13.64
877.0;54.87;-0.0326;68.17;27.85;351.08;48.66;0.25;13.86
878.0;54.94;-0.0666;68.26;28.27;352.8;48.12;0.256;13.86
879.0;54.98;-0.024;68.27;28.42;352.39;50.63;0.331;13.75
880.0;55.14;0.0586;68.43;28.07;352.5;45.25;0.017;13.89
881.0;55.57;0.1358;68.34;27.94;352.01;55.37;0.075;13.58
882.0;54.33;-0.3893;68.22;28.24;352.33;-17.78;0.292;13.97
883.0;54.3;-0.0038;68.35;28.28;352.36;43.08;0.3;13.75
884.0;54.34;0.054;68.18;27.72;351.79;42.65;0.219;13.68
885.0;55.17;0.2615;68.3;28.47;351.21;40.48;0.167;13.6
886.0;55.75;0.1555;68.1;28.15;353.59;54.09;0.057;13.74
887.0;54.74;-0.2981;68.28;28.38;350.67;-19.43;0.306;14.27
888.0;53.5;-0.3702;68.14;28.22;352.17;-13.16;0.344;13.78
889.0;53.98;0.1517;68.08;27.79;351.14;42.69;0.378;13.51
890.0;54.5;0.153;68.13;28.38;353.74;54.02;0.119;14.03
891.0;54.67;0.0711;68.16;28.16;350.6;45.53;0.14;13.68
892.0;54.75;0.0302;68.08;28.39;350.65;45.94;0.285;13.87
893.0;55.02;0.1072;68.15;28.19;350.51;53.02;0.422;13.65
894.0;54.81;-0.0546;68.05;28.23;351.84;49.71;0.364;14.12
895.0;55.63;0.2582;68.13;28.09;349.98;56.65;0.226;13.65
896.0;54.59;-0.2527;68.1;28.36;350.99;-16.36;0.173;14.15
897.0;54.48;-0.0632;68.04;28.12;348.87;45.17;0.191;13.54
898.0;55.29;0.1512;68.0;28.66;351.65;45.08;0.133;13.73
899.0;54.08;-0.274;68.03;28.62;350.83;-15.99;0.125;14.15
900.0;51.38;-0.7383;68.05;28.51;349.68;-26.0;0.371;13.84
901.0;47.63;-1.111;68.16;28.47;352.99;-18.2;0.248;14.37
902.0;44.15;-0.9952;68.06;28.55;349.91;-11.75;0.24;13.73
903.0;42.1;-0.5401;68.05;28.42;352.41;-14.02;0.282;13.86
904.0;37.89;-1.1796;68.2;28.25;350.93;-23.54;0.354;14.28
905.0;36.82;-0.3174;67.98;28.42;353.25;-18.94;0.477;13.42
906.0;32.96;-1.0168;67.97;28.6;352.2;-21.6;0.471;13.39
907.0;30.01;-0.8606;67.97;28.36;350.1;-12.87;0.402;13.6
908.0;28.66;-0.4059;67.83;28.42;349.91;-17.27;0.26;14.0
909.0;25.97;-0.7391;67.86;28.06;351.8;-20.3;0.191;13.4
910.0;24.3;-0.4479;67.84;28.35;350.73;-17.9;0.253;13.95
911.0;23.26;-0.27;67.92;28.05;351.0;-25.82;0.125;13.93
912.0;21.74;-0.3848;67.85;28.45;352.58;-21.25;0.339;14.3
913.0;19.54;-0.6047;67.86;28.28;350.18;-17.89;0.234;14.06
914.0;19.11;-0.0993;67.93;28.46;351.32;7.12;0.397;13.89
915.0;17.92;-0.3421;67.9;28.33;352.3;-15.46;0.301;14.14
916.0;16.88;-0.2859;67.8;28.19;351.93;-23.82;0.367;13.93
917.0;15.21;-0.4583;67.75;28.36;350.67;-19.14;0.339;13.68
918.0;14.67;-0.142;67.89;28.38;350.78;13.08;0.228;13.51
919.0;11.75;-0.7792;67.85;28.62;348.96;-14.97;0.285;13.66
920.0;11.79;0.0322;67.65;28.2;349.37;6.81;0.331;13.79
921.0;10.62;-0.3227;67.74;28.44;351.21;-22.35;0.174;13.84
922.0;10.43;-0.0847;67.77;28.1;350.72;4.98;0.083;13.27
923.0;9.29;-0.3139;67.81;28.07;351.06;-17.31;0.571;13.75
924.0;8.86;-0.121;67.81;28.68;352.22;4.03;0.301;13.81
925.0;9.46;0.1748;67.75;28.71;349.42;4.77;0.207;13.94
926.0;7.65;-0.4158;67.76;28.27;350.59;-17.8;0.099;14.21
927.0;7.46;-0.0744;67.71;28.25;351.0;-0.09;0.178;13.85
928.0;6.57;-0.231;67.64;28.36;349.78;5.83;0.234;13.57
929.0;6.28;-0.0363;67.66;28.48;352.39;-4.38;0.222;13.35
930.0;8.95;0.7461;67.68;28.34;351.79;-5.13;0.141;13.97
931.0;11.74;0.8682;67.66;28.43;351.02;6.28;0.093;13.58
932.0;14.52;0.7563;67.5;28.47;352.5;14.28;0.349;14.02
933.0;16.99;0.6996;67.61;28.38;348.77;11.31;0.2;14.15
934.0;18.22;0.3089;67.64;28.33;350.61;10.96;0.132;13.41
935.0;20.27;0.557;67.6;28.3;350.98;6.83;0.263;13.94
936.0;20.98;0.2076;67.59;28.43;349.43;16.74;0.119;14.12
937.0;23.26;0.6646;67.64;28.46;350.98;19.74;0.148;14.05
938.0;25.39;0.6059;67.5;28.33;349.02;11.99;0.081;13.28
939.0;26.76;0.4302;67.45;28.4;351.06;24.96;0.15;13.59
940.0;27.68;0.2519;67.54;28.57;351.68;24.36;0.232;13.48
941.0;29.31;0.4384;67.61;28.55;350.9;27.37;0.14;13.93
942.0;30.2;0.3577;67.68;28.7;348.48;26.03;0.037;13.9
943.0;31.69;0.4275;67.59;28.21;349.37;27.72;0.082;13.13
944.0;32.12;0.0923;67.4;28.35;350.81;27.6;0.077;13.72
945.0;32.65;0.1185;67.49;28.51;350.34;29.49;0.271;14.0
946.0;33.91;0.3136;67.51;28.74;347.13;19.94;0.282;13.84
947.0;32.74;-0.2874;67.49;28.13;351.82;-12.86;0.036;13.84
948.0;35.47;0.7418;67.51;28.47;350.53;25.75;0.377;13.71
949.0;33.73;-0.4769;67.38;28.63;349.12;-18.69;0.07;13.54
950.0;35.52;0.4948;67.45;28.37;351.43;30.3;0.281;13.8
951.0;37.42;0.556;67.46;28.45;349.45;31.85;0.299;13.81
952.0;37.98;0.1231;67.48;28.58;349.48;35.55;0.231;13.95
953.0;37.51;-0.1743;67.34;28.44;350.44;35.23;0.179;13.97
954.0;38.26;0.2161;67.36;28.79;352.2;27.85;0.029;13.82
955.0;39.95;0.494;67.16;28.47;351.6;33.9;0.26;14.07
956.0;39.25;-0.1816;67.32;28.64;350.4;28.89;0.191;13.71
957.0;41.26;0.5283;67.31;28.39;350.51;33.45;0.103;13.44
958.0;40.27;-0.2482;67.26;28.29;350.8;34.55;0.375;13.92
959.0;40.85;0.1305;67.34;28.58;348.51;20.17;0.233;13.83
960.0;41.88;0.2661;67.31;28.25;350.72;44.43;0.488;13.92
961.0;41.28;-0.2059;67.12;28.53;348.68;36.48;0.381;13.48
962.0;40.86;-0.0629;67.31;28.6;350.32;31.44;0.058;14.25
963.0;41.65;0.2428;67.2;28.38;349.46;42.27;0.502;13.98
964.0;41.92;0.1005;67.3;28.6;350.53;33.44;0.38;13.73
965.0;41.34;-0.1122;67.15;28.28;349.76;34.8;0.302;13.57
966.0;42.2;0.3526;67.24;28.75;346.12;33.14;0.047;14.07
967.0;42.1;-0.098;67.2;28.58;349.94;41.6;0.446;13.52
968.0;43.27;0.296;67.23;28.82;350.57;35.68;0.259;14.37
969.0;42.89;-0.1285;67.21;28.57;350.28;36.35;0.084;13.65
970.0;42.85;-0.0456;67.16;28.69;349.53;40.52;0.401;14.23
971.0;43.1;0.0248;67.05;28.56;351.39;38.28;0.161;13.75
972.0;43.42;0.0787;67.04;28.63;349.77;36.03;0.384;14.2
973.0;43.78;0.0502;67.1;28.75;350.04;41.03;0.301;13.62
974.0;42.92;-0.2251;67.13;28.44;350.84;45.93;0.1;13.8
975.0;43.0;0.0239;67.07;28.7;349.89;37.12;0.435;14.0
976.0;44.38;0.4037;67.15;28.62;348.56;37.63;0.109;13.97
977.0;43.56;-0.2076;67.07;28.72;346.53;37.07;0.22;14.08
978.0;43.04;-0.1202;67.0;28.63;348.75;41.13;0.124;13.68
979.0;44.24;0.3167;67.04;28.55;350.32;34.63;0.284;13.82
980.0;44.32;0.1081;67.07;28.47;349.04;35.99;0.287;14.11
981.0;43.19;-0.3044;67.06;28.66;350.41;-18.51;0.125;13.62
982.0;44.31;0.2362;67.18;28.47;349.86;32.36;0.264;13.94
983.0;44.67;0.0604;66.96;28.65;350.78;35.37;0.49;13.75
984.0;44.51;-0.1148;66.99;28.61;348.95;37.06;0.279;13.85
985.0;44.71;0.0576;67.02;28.83;349.92;44.55;0.034;13.82
986.0;43.54;-0.3313;66.97;28.66;349.86;-15.44;0.313;13.6
987.0;44.62;0.2825;66.92;28.8;350.95;33.74;0.06;13.73
988.0;44.28;-0.014;66.82;28.64;346.9;34.16;0.381;13.84
989.0;44.21;0.0023;66.89;28.8;348.55;42.5;0.199;13.77
990.0;45.06;0.2643;66.83;28.87;349.99;42.31;0.387;14.19
991.0;45.46;0.0732;66.77;28.63;350.7;38.3;0.17;14.05
992.0;45.68;0.0209;66.83;28.82;349.25;36.62;0.132;13.87
993.0;45.42;-0.0707;66.79;28.62;348.55;42.65;0.432;13.61
994.0;44.59;-0.2233;66.91;28.81;350.05;33.38;0.3;13.59
995.0;44.89;0.0096;66.9;28.91;350.16;39.21;0.35;14.29
996.0;45.16;0.0681;66.77;29.03;348.41;46.99;0.299;13.55
997.0;44.79;-0.1012;66.8;28.74;349.31;38.38;0.196;13.83
998.0;44.82;-0.0016;66.66;28.91;350.05;34.48;0.243;13.89
999.0;45.25;0.088;66.76;28.56;351.09;39.63;0.078;13.72
1000.0;44.74;-0.1641;66.82;28.69;349.84;35.62;0.197;13.55
1001.0;44.35;-0.1144;66.84;28.87;349.04;31.56;0.459;13.6
1002.0;44.56;0.0602;66.7;29.04;348.64;40.13;0.253;13.66
1003.0;45.2;0.2027;66.83;29.08;349.64;42.41;0.194;13.62
1004.0;44.83;-0.0584;66.61;28.65;348.38;36.35;0.122;14.13
1005.0;45.05;0.0477;66.62;29.15;348.77;36.29;0.212;13.8
1006.0;45.26;0.0398;66.76;28.78;347.56;34.15;0.301;13.67
1007.0;44.64;-0.1538;66.83;28.79;350.52;36.81;0.379;13.83
1008.0;45.33;0.2156;66.72;28.94;347.37;35.81;0.076;13.97
1009.0;45.11;-0.0778;66.66;29.1;348.11;33.81;0.059;13.71
1010.0;44.15;-0.2351;66.48;28.65;348.36;44.51;0.077;14.03
1011.0;45.76;0.4875;66.48;28.85;350.64;40.34;0.042;13.48
1012.0;44.61;-0.2702;66.64;29.02;348.07;-21.98;0.056;14.09
1013.0;43.92;-0.1194;66.58;28.95;347.67;40.26;0.412;13.8
1014.0;44.29;0.0687;66.51;29.03;347.66;40.16;0.134;13.79
1015.0;44.31;0.0061;66.59;28.77;350.47;35.44;0.093;13.63
1016.0;44.96;0.1808;66.58;29.14;345.09;38.8;0.318;13.49
1017.0;44.77;-0.0569;66.63;28.96;347.37;36.46;0.076;13.38
1018.0;44.74;-0.0352;66.56;28.78;351.69;39.25;0.17;13.61
1019.0;45.32;0.1012;66.63;28.66;349.27;39.42;0.3;13.95
1020.0;45.15;-0.0418;66.52;28.98;347.01;36.36;0.0;13.56
1021.0;45.14;-0.0337;66.5;28.89;348.24;32.57;0.141;13.41
1022.0;45.2;0.02;66.58;28.95;348.53;38.53;0.236;13.57
1023.0;45.33;0.0035;66.4;29.21;349.11;37.24;0.0;13.7
1024.0;43.7;-0.4972;66.69;28.78;350.89;-18.66;0.001;13.71
1025.0;44.74;0.3007;66.48;28.92;348.73;39.54;0.103;13.77
1026.0;43.66;-0.2959;66.47;28.9;347.59;-19.37;0.077;14.06
1027.0;44.99;0.3932;66.47;28.89;349.17;47.85;0.243;14.11
1028.0;44.97;0.0813;66.56;29.1;347.59;36.15;0.25;14.3
1029.0;45.6;0.1867;66.46;28.88;346.98;36.17;0.117;13.39
1030.0;45.69;0.0436;66.26;28.9;345.69;33.97;0.247;13.59
1031.0;45.1;-0.2068;66.48;29.15;346.39;38.68;0.388;13.97
1032.0;44.68;-0.1682;66.33;29.12;346.88;38.25;0.071;13.69
1033.0;45.27;0.228;66.35;28.82;346.58;34.76;0.332;14.02
1034.0;44.66;-0.2054;66.23;28.89;348.12;36.73;0.0;13.85
1035.0;44.98;0.0464;66.36;29.2;346.57;29.82;0.292;14.19
1036.0;45.58;0.1634;66.25;29.15;344.02;42.0;0.116;14.06
1037.0;44.65;-0.2606;66.3;29.14;346.63;-18.42;0.062;14.07
1038.0;45.47;0.1914;66.26;29.02;347.23;38.06;0.065;13.7
1039.0;45.39;-0.0333;66.42;28.93;347.4;32.42;0.087;13.78
1040.0;44.41;-0.2226;66.41;29.31;349.94;34.86;0.211;13.72
1041.0;45.57;0.2894;66.24;28.97;347.03;37.18;0.282;13.42
1042.0;45.41;-0.1014;66.23;28.75;348.8;38.09;0.273;14.17
1043.0;45.05;-0.0615;66.18;29.31;347.62;39.72;0.137;13.99
1044.0;44.53;-0.1242;66.29;29.35;347.81;43.06;0.369;13.71
1045.0;44.48;-0.0408;66.16;28.81;346.6;40.18;0.161;14.13
1046.0;44.67;-0.0095;66.14;29.2;347.49;41.28;0.468;13.64
1047.0;45.32;0.1504;66.24;28.96;346.84;43.84;0.265;13.34
1048.0;44.42;-0.2517;66.1;29.06;347.69;-15.45;0.462;14.05
1049.0;45.26;0.279;66.13;29.25;347.25;37.85;0.249;13.48
1050.0;44.25;-0.3212;65.99;29.28;346.12;-16.34;0.194;13.75
1051.0;44.87;0.1697;66.16;28.97;348.79;41.92;0.293;13.85
1052.0;45.06;0.0794;66.25;29.36;348.29;40.4;0.155;13.9
1053.0;46.46;0.2941;66.14;29.07;347.01;33.32;0.31;14.01
1054.0;44.17;-0.5956;66.18;29.23;347.82;-20.25;0.204;13.95
1055.0;45.88;0.4277;65.98;28.97;347.14;37.49;0.0;13.94
1056.0;45.09;-0.207;66.06;28.97;346.35;40.95;0.454;13.6
1057.0;45.24;0.0535;65.95;29.37;347.26;37.9;0.004;13.87
1058.0;45.07;-0.0054;65.99;29.38;346.52;42.36;0.369;13.42
1059.0;45.26;0.0765;66.06;29.21;346.26;43.26;0.0;14.19
1060.0;44.9;-0.1948;65.99;29.31;345.31;42.46;0.194;13.45
1061.0;45.87;0.2366;65.86;29.03;346.55;43.4;0.299;13.71
1062.0;44.72;-0.3128;65.85;29.17;347.65;-17.59;0.084;13.47
1063.0;45.68;0.257;65.83;29.31;346.1;40.32;0.292;13.62
1064.0;44.61;-0.277;65.97;29.47;350.24;-13.53;0.274;13.8
1065.0;44.96;0.129;66.08;29.43;348.51;31.12;0.262;13.67
1066.0;44.35;-0.1442;66.01;29.33;348.87;35.99;0.065;14.09
1067.0;45.27;0.246;65.74;29.23;347.7;43.31;0.306;13.86
1068.0;45.87;0.0912;65.99;29.19;349.48;40.42;0.22;13.68
1069.0;44.95;-0.2719;65.94;29.05;346.21;-20.49;0.251;13.77
1070.0;44.88;-0.0032;65.73;29.0;343.64;38.35;0.157;14.1
1071.0;44.33;-0.1965;65.81;29.06;346.36;46.9;0.052;14.03
1072.0;44.86;0.1728;65.91;29.21;347.76;38.33;0.217;13.52
1073.0;44.04;-0.1909;65.86;29.24;347.16;36.93;0.252;13.63
1074.0;44.45;0.1184;65.69;28.86;346.98;32.11;0.302;13.92
1075.0;45.14;0.0674;65.83;29.19;348.52;42.32;0.023;13.89
1076.0;45.79;0.1309;65.6;29.2;346.92;36.49;0.204;13.54
1077.0;46.68;0.3238;65.74;29.02;347.7;36.76;0.141;13.99
1078.0;44.65;-0.5878;65.84;29.39;345.81;-17.56;0.131;13.58
1079.0;45.86;0.2576;65.73;29.24;345.41;43.2;0.14;14.13
1080.0;45.15;-0.1492;65.68;29.22;348.55;42.42;0.246;13.93
1081.0;44.91;-0.0653;65.78;29.39;346.94;36.21;0.404;13.52
1082.0;45.26;0.1415;65.77;29.02;346.05;37.79;0.128;13.67
1083.0;45.04;-0.0507;65.78;28.9;346.08;37.55;0.366;13.66
1084.0;45.07;0.0264;65.74;29.31;345.95;40.94;0.026;13.84
1085.0;44.75;-0.0719;65.74;29.25;345.89;43.73;0.307;13.75
1086.0;44.16;-0.1371;65.7;29.37;345.11;38.43;0.216;13.51
1087.0;44.07;0.0669;65.65;29.01;344.75;44.77;0.018;13.45
1088.0;45.39;0.405;65.62;29.1;346.26;41.71;0.045;13.94
1089.0;44.83;-0.2182;65.58;29.51;345.7;36.65;0.0;13.87
1090.0;44.64;-0.0354;65.49;29.39;347.56;40.72;0.488;13.83
1091.0;45.0;0.1464;65.5;29.74;346.59;44.58;0.041;13.87
1092.0;45.48;0.1792;65.54;29.47;346.64;46.2;0.0;13.65
1093.0;45.11;-0.1195;65.56;29.45;345.49;42.6;0.026;13.85
1094.0;44.61;-0.0928;65.65;29.73;346.41;37.48;0.426;14.43
1095.0;45.74;0.3508;65.52;29.27;346.71;37.58;0.375;14.09
1096.0;45.95;0.1617;65.59;29.61;347.28;40.95;0.554;13.73
1097.0;45.3;-0.2108;65.58;29.52;346.3;44.73;0.457;13.67
1098.0;45.58;0.0596;65.46;29.79;347.46;40.04;0.378;13.08
1099.0;45.75;0.0325;65.51;29.44;346.29;40.28;0.12;14.07
1100.0;43.58;-0.6216;65.43;29.67;347.06;-18.58;0.198;14.0
1101.0;41.32;-0.6641;65.54;29.44;345.75;-18.19;0.101;13.66
1102.0;39.49;-0.6177;65.48;29.49;344.03;-22.89;0.064;13.44
1103.0;37.75;-0.4997;65.32;29.67;346.2;-13.77;0.253;13.51
1104.0;35.21;-0.6911;65.41;29.65;346.94;-20.32;0.0;13.91
1105.0;34.83;-0.1259;65.52;29.59;346.98;27.13;0.02;13.78
1106.0;32.24;-0.6427;65.36;29.4;346.47;-14.92;0.255;13.97
1107.0;31.31;-0.2569;65.4;29.47;345.63;-19.86;0.108;13.82
1108.0;31.39;0.0749;65.4;29.41;345.07;27.69;0.0;14.04
1109.0;30.02;-0.3703;65.26;29.41;346.42;-19.88;0.0;13.89
1110.0;29.4;-0.1414;65.37;29.62;346.49;29.42;0.148;14.01
1111.0;27.39;-0.5446;65.21;29.76;344.97;-14.36;0.072;13.28
1112.0;25.99;-0.3362;65.26;29.18;347.08;-15.02;0.064;13.49
1113.0;25.72;-0.0729;65.38;29.54;344.94;18.82;0.048;13.71
1114.0;25.16;-0.1343;65.31;29.78;345.16;21.02;0.263;14.07
1115.0;24.44;-0.1856;65.25;29.56;347.69;19.48;0.111;14.27
1116.0;24.42;-0.0184;65.29;29.83;346.87;18.43;0.125;13.76
1117.0;22.91;-0.4028;65.24;29.67;345.3;-17.37;0.3;13.65
1118.0;22.77;0.0503;65.24;29.53;346.06;18.44;0.358;13.31
1119.0;21.43;-0.3812;65.28;29.25;345.98;-15.72;0.151;14.02
1120.0;21.81;0.12;65.16;29.66;342.25;14.75;0.044;13.66
1121.0;21.08;-0.1513;65.21;29.74;344.56;21.86;0.074;14.54
1122.0;20.2;-0.1981;65.17;29.26;345.51;25.03;0.285;13.62
1123.0;20.12;-0.0238;65.05;29.48;344.91;9.29;0.0;14.33
1124.0;19.78;-0.1889;65.1;29.62;345.72;8.75;0.386;13.99
1125.0;19.38;-0.0887;65.28;29.37;347.16;9.59;0.334;13.54
1126.0;20.29;0.1631;65.18;29.52;345.21;13.86;0.28;13.86
1127.0;18.87;-0.335;65.03;29.62;344.02;-18.87;0.0;13.99
1128.0;18.51;-0.0939;65.0;29.66;345.62;14.95;0.354;13.74
1129.0;17.14;-0.34;65.11;29.42;345.05;-18.03;0.402;14.01
1130.0;17.63;0.0983;65.23;29.69;345.51;13.86;0.481;14.0
1131.0;17.78;-0.0184;65.08;29.35;345.04;9.13;0.131;13.95
1132.0;17.32;-0.1172;65.19;29.41;348.3;10.48;0.189;13.8
1133.0;18.37;0.2901;65.1;29.52;342.74;12.37;0.358;13.51
1134.0;17.27;-0.3269;65.1;29.6;344.96;-19.98;0.344;13.78
1135.0;17.97;0.1996;64.94;29.54;345.11;7.43;0.255;13.84
1136.0;17.08;-0.1365;65.11;29.51;344.52;6.74;0.141;13.33
1137.0;16.93;-0.0105;65.0;29.46;346.31;14.14;0.033;13.84
1138.0;16.72;-0.016;65.09;29.68;346.38;11.86;0.253;13.78
1139.0;16.65;0.0148;64.94;29.12;345.05;13.26;0.426;13.48
1140.0;17.56;0.313;65.01;29.32;344.92;4.33;0.263;13.72
1141.0;15.03;-0.7104;65.01;29.26;345.12;-15.29;0.123;13.72
1142.0;15.12;-0.0569;64.96;29.55;345.03;12.02;0.024;14.28
1143.0;15.91;0.2098;65.0;29.18;345.13;-1.0;0.28;13.86
1144.0;16.15;0.1015;64.93;29.38;344.86;15.24;0.388;14.06
1145.0;16.48;0.0515;64.89;29.68;345.31;3.36;0.004;13.77
1146.0;16.27;-0.0639;65.06;29.79;346.26;13.83;0.166;13.33
1147.0;15.69;-0.1898;65.01;29.29;343.76;6.35;0.515;13.97
1148.0;16.47;0.2761;64.85;29.54;343.66;14.84;0.212;13.64
1149.0;16.41;0.0152;64.95;29.43;343.02;23.43;0.092;13.72
1150.0;14.8;-0.4221;64.83;29.36;345.92;-20.08;0.15;13.54
1151.0;14.24;-0.131;64.78;29.67;345.09;11.31;0.146;13.82
1152.0;12.87;-0.3822;64.95;29.75;345.74;-13.54;0.012;14.07
1153.0;11.48;-0.3782;64.72;29.75;342.94;-18.95;0.281;14.03
1154.0;11.41;-0.0673;64.92;29.5;347.21;5.01;0.196;14.2
1155.0;10.29;-0.399;64.82;29.56;344.13;-17.94;0.247;14.23
1156.0;9.51;-0.2109;64.81;29.25;345.04;0.38;0.181;13.29
1157.0;9.72;0.0734;64.85;29.36;345.95;7.36;0.015;13.5
1158.0;6.75;-0.7775;64.86;29.46;343.75;-15.72;0.117;13.35
1159.0;6.79;0.0752;64.73;29.53;344.03;6.42;0.049;13.96
1160.0;6.4;-0.0474;64.85;29.6;345.13;-0.56;0.0;13.63
1161.0;6.39;-0.0409;64.79;29.44;348.22;-4.54;0.341;13.68
1162.0;6.0;-0.1246;64.67;29.57;344.91;7.08;0.058;13.75
1163.0;4.81;-0.3091;64.75;29.66;346.64;-17.93;0.188;13.9
1164.0;4.73;0.0771;64.86;29.77;346.39;7.12;0.133;13.43
1165.0;4.43;-0.0235;64.87;29.55;345.41;4.09;0.0;13.49
1166.0;6.07;0.5016;64.79;29.56;343.61;-2.42;0.149;13.8
1167.0;5.36;-0.2142;64.63;29.68;345.73;-0.25;0.199;14.1
1168.0;3.73;-0.4874;64.75;29.89;342.92;-18.89;0.077;13.79
1169.0;3.48;-0.0378;64.77;29.38;346.68;4.41;0.339;13.6
1170.0;2.75;-0.2469;64.75;29.51;344.96;-0.64;0.019;13.26
1171.0;2.06;-0.2029;64.75;30.06;341.53;-2.34;0.202;14.04
1172.0;2.91;0.2317;64.7;29.42;344.21;-3.04;0.251;13.62
1173.0;2.17;-0.141;64.66;29.69;345.31;-3.14;0.115;13.51
1174.0;2.52;0.0842;64.61;29.35;344.14;2.62;0.0;13.37
1175.0;1.43;-0.4002;64.49;29.29;345.05;-18.09;0.0;13.44
1176.0;1.77;0.1133;64.66;29.5;343.52;-4.9;0.138;13.56
1177.0;2.16;0.0805;64.64;30.02;342.93;-5.21;0.335;13.74
1178.0;2.15;-0.0023;64.66;29.45;344.45;-5.18;0.092;13.5
1179.0;2.04;-0.0324;64.5;29.5;344.24;-8.67;0.119;13.85
1180.0;0.87;-0.3354;64.66;29.66;344.11;-15.32;0.369;13.74
1181.0;2.06;0.3618;64.76;29.46;346.21;2.95;0.045;14.36
1182.0;0.96;-0.3672;64.6;29.44;343.4;-19.99;0.27;13.37
1183.0;1.72;0.1902;64.58;29.58;344.75;-0.55;0.0;13.84
1184.0;1.24;-0.1059;64.6;29.02;344.5;-13.74;0.15;13.84
1185.0;0.33;-0.2764;64.74;29.61;342.83;-18.38;0.0;13.54
1186.0;0.89;0.0898;64.5;29.51;342.61;-4.8;0.05;13.82
1187.0;1.22;0.1194;64.58;29.81;344.39;-5.77;0.118;13.99
1188.0;1.3;0.0667;64.5;29.81;346.57;-3.04;0.306;13.82
1189.0;0.78;-0.1456;64.51;29.66;344.93;-6.24;0.207;14.15
1190.0;1.73;0.1835;64.55;29.78;342.23;-11.86;0.292;13.26
1191.0;1.35;-0.0748;64.65;29.49;340.77;-0.02;0.096;13.59
1192.0;0.54;-0.2917;64.68;29.61;345.46;-17.97;0.265;14.17
1193.0;1.1;0.1666;64.57;29.6;344.22;-5.21;0.021;14.03
1194.0;1.76;0.1492;64.49;29.43;345.55;-7.19;0.254;13.94
1195.0;1.74;-0.0537;64.71;29.6;343.58;-9.23;0.212;14.11
1196.0;0.0;-0.5002;64.48;29.96;344.58;-15.41;0.258;13.32
1197.0;0.0;-0.0073;64.46;29.6;345.15;1.45;0.132;14.0
1198.0;1.34;0.347;64.36;30.01;343.38;-2.91;0.206;14.07
1199.0;0.0;-0.3492;64.61;29.68;343.92;-18.3;0.402;13.64
